amount,year_month,year,month,day,category_Bills & Fees,category_Food & Drinks,category_Transport,account_Cash,account_Metro Card,account_Salary Bank,account_Savings Bank,type_EXPENSE,type_INCOME,type_TRANSFER
45000.0,2024-08,2024,8,11,True,False,False,False,False,False,True,True,False,False
40000.0,2024-08,2024,8,10,False,True,False,True,False,False,False,True,False,False
10000.0,2024-08,2024,8,9,False,False,True,True,False,False,False,True,False,False
200000.0,2024-08,2024,8,7,True,False,False,False,False,False,True,True,False,False
4000.0,2024-08,2024,8,4,True,False,False,False,False,True,False,False,True,False
500000.0,2024-08,2024,8,4,True,False,False,False,False,False,True,True,False,False
30000.0,2024-08,2024,8,2,True,False,False,False,False,True,False,True,False,False
100000.0,2024-08,2024,8,2,False,False,True,False,False,False,True,True,False,False
74000.0,2024-08,2024,8,2,False,False,True,True,False,False,False,True,False,False
102000.0,2024-08,2024,8,2,False,False,True,False,False,False,True,True,False,False
152000.0,2024-08,2024,8,1,True,False,False,False,False,False,True,True,False,False
500000.0,2024-08,2024,8,1,True,False,False,False,False,False,True,True,False,False
22000.0,2024-07,2024,7,31,True,False,False,False,False,False,True,True,False,False
300000.0,2024-07,2024,7,31,True,False,False,False,False,False,True,True,False,False
70000.0,2024-07,2024,7,26,False,True,False,False,False,False,True,True,False,False
0.0,2024-07,2024,7,20,False,False,True,False,False,False,True,False,True,False
30000.0,2024-07,2024,7,20,False,True,False,True,False,False,False,True,False,False
50000.0,2024-07,2024,7,20,True,False,False,True,False,False,False,True,False,False
3000.0,2024-07,2024,7,15,False,False,True,True,False,False,False,True,False,False
35000.0,2024-07,2024,7,15,True,False,False,False,False,False,True,True,False,False
171000.0,2024-07,2024,7,14,True,False,False,True,False,False,False,True,False,False
90000.0,2024-07,2024,7,14,True,False,False,True,False,False,False,True,False,False
41000.0,2024-07,2024,7,12,False,False,True,False,False,True,False,False,True,False
300000.0,2024-07,2024,7,12,True,False,False,False,False,False,True,True,False,False
50000.0,2024-07,2024,7,12,False,False,True,True,False,False,False,True,False,False
50000.0,2024-07,2024,7,12,False,False,True,False,False,False,True,True,False,False
50000.0,2024-07,2024,7,10,True,False,False,True,False,False,False,True,False,False
30000.0,2024-07,2024,7,10,False,True,False,True,False,False,False,True,False,False
30000.0,2024-07,2024,7,7,False,True,False,False,False,True,False,True,False,False
199000.0,2024-07,2024,7,3,True,False,False,False,False,False,True,True,False,False
200000.0,2024-07,2024,7,3,True,False,False,False,False,False,True,True,False,False
120000.0,2024-07,2024,7,2,False,True,False,True,False,False,False,True,False,False
500000.0,2024-07,2024,7,1,True,False,False,False,False,False,True,True,False,False
259000.0,2024-07,2024,7,1,True,False,False,False,False,False,True,True,False,False
13000.0,2024-07,2024,7,1,True,False,False,False,False,True,False,True,False,False
42000.0,2024-07,2024,7,1,True,False,False,True,False,False,False,True,False,False
520000.0,2024-06,2024,6,30,False,True,False,False,False,False,True,True,False,False
60000.0,2024-06,2024,6,30,False,True,False,False,False,True,False,True,False,False
35000.0,2024-06,2024,6,30,True,False,False,False,False,False,True,True,False,False
71000.0,2024-06,2024,6,30,False,False,True,False,False,False,True,False,True,False
20000.0,2024-06,2024,6,29,False,True,False,True,False,False,False,True,False,False
180000.0,2024-06,2024,6,29,False,False,True,True,False,False,False,True,False,False
30000.0,2024-06,2024,6,29,False,True,False,True,False,False,False,True,False,False
20000.0,2024-06,2024,6,29,False,True,False,True,False,False,False,True,False,False
266900.0,2024-06,2024,6,29,True,False,False,False,False,False,True,True,False,False
25000.0,2024-06,2024,6,28,False,True,False,True,False,False,False,True,False,False
30000.0,2024-06,2024,6,28,False,False,True,True,False,False,False,True,False,False
10000.0,2024-06,2024,6,28,False,True,False,True,False,False,False,True,False,False
10000.0,2024-06,2024,6,28,False,True,False,True,False,False,False,True,False,False
358000.0,2024-06,2024,6,28,False,False,True,True,False,False,False,True,False,False
40000.0,2024-06,2024,6,27,False,True,False,True,False,False,False,True,False,False
20000.0,2024-06,2024,6,27,False,False,True,True,False,False,False,True,False,False
20000.0,2024-06,2024,6,27,False,False,True,True,False,False,False,True,False,False
207000.0,2024-06,2024,6,27,False,True,False,True,False,False,False,True,False,False
100000.0,2024-06,2024,6,27,True,False,False,True,False,False,False,True,False,False
95000.0,2024-06,2024,6,27,False,True,False,True,False,False,False,True,False,False
50000.0,2024-06,2024,6,27,False,False,True,True,False,False,False,True,False,False
500000.0,2024-06,2024,6,27,True,False,False,True,False,False,False,True,False,False
150000.0,2024-06,2024,6,27,True,False,False,False,False,False,True,True,False,False
20000.0,2024-06,2024,6,27,False,False,True,True,False,False,False,True,False,False
10000.0,2024-06,2024,6,27,False,False,True,False,False,True,False,True,False,False
200000.0,2024-06,2024,6,27,True,False,False,True,False,False,False,True,False,False
0.0,2024-06,2024,6,27,True,False,False,False,False,True,False,False,False,True
200000.0,2024-06,2024,6,26,False,False,True,False,False,True,False,True,False,False
20000.0,2024-06,2024,6,26,False,False,True,False,False,True,False,True,False,False
20000.0,2024-06,2024,6,24,True,False,False,False,False,True,False,True,False,False
240000.0,2024-06,2024,6,23,True,False,False,False,False,True,False,True,False,False
20000.0,2024-06,2024,6,23,False,False,True,False,False,True,False,True,False,False
70000.0,2024-06,2024,6,23,False,True,False,False,False,True,False,True,False,False
102000.0,2024-06,2024,6,23,False,False,True,False,False,True,False,True,False,False
44000.0,2024-06,2024,6,23,False,True,False,False,False,True,False,True,False,False
600000.0,2024-06,2024,6,23,True,False,False,False,False,True,False,True,False,False
40000.0,2024-06,2024,6,21,False,False,True,False,False,True,False,True,False,False
60000.0,2024-06,2024,6,20,False,False,True,False,False,True,False,True,False,False
20000.0,2024-06,2024,6,20,False,True,False,False,False,True,False,True,False,False
259000.0,2024-06,2024,6,20,True,False,False,False,False,True,False,True,False,False
20000.0,2024-06,2024,6,19,True,False,False,False,False,True,False,True,False,False
20000.0,2024-06,2024,6,17,False,True,False,True,False,False,False,True,False,False
260000.0,2024-06,2024,6,17,False,False,True,True,False,False,False,True,False,False
20000.0,2024-06,2024,6,17,False,True,False,True,False,False,False,True,False,False
35000.0,2024-06,2024,6,17,True,False,False,False,False,True,False,False,True,False
250000.0,2024-06,2024,6,17,False,True,False,False,False,True,False,True,False,False
120000.0,2024-06,2024,6,17,False,False,True,True,False,False,False,True,False,False
500000.0,2024-06,2024,6,16,True,False,False,True,False,False,False,True,False,False
170000.0,2024-06,2024,6,16,False,False,True,False,False,True,False,True,False,False
200000.0,2024-06,2024,6,16,False,True,False,False,False,True,False,True,False,False
500000.0,2024-06,2024,6,16,True,False,False,True,False,False,False,True,False,False
0.0,2024-06,2024,6,16,True,False,False,False,False,True,False,False,False,True
35000.0,2024-06,2024,6,16,True,False,False,False,False,True,False,True,False,False
500000.0,2024-06,2024,6,15,True,False,False,False,False,True,False,True,False,False
100000.0,2024-06,2024,6,14,False,False,True,True,False,False,False,True,False,False
100000.0,2024-06,2024,6,14,True,False,False,True,False,False,False,False,True,False
100000.0,2024-06,2024,6,14,False,False,True,False,False,True,False,True,False,False
208500.0,2024-06,2024,6,13,False,True,False,False,False,True,False,True,False,False
200000.0,2024-06,2024,6,13,False,False,True,False,False,True,False,True,False,False
10000.0,2024-06,2024,6,11,False,True,False,False,False,True,False,True,False,False
30000.0,2024-06,2024,6,10,False,True,False,False,False,True,False,True,False,False
200000.0,2024-06,2024,6,9,False,False,True,False,False,True,False,True,False,False
799000.0,2024-06,2024,6,9,True,False,False,False,False,True,False,True,False,False
198880.0,2024-06,2024,6,9,False,True,False,False,False,True,False,True,False,False
500000.0,2024-06,2024,6,7,True,False,False,False,False,True,False,True,False,False
90000.0,2024-06,2024,6,7,False,True,False,False,False,True,False,True,False,False
100000.0,2024-06,2024,6,7,True,False,False,False,False,True,False,True,False,False
100000.0,2024-06,2024,6,7,False,False,True,False,False,True,False,True,False,False
200000.0,2024-06,2024,6,7,True,False,False,False,False,True,False,False,True,False
100000.0,2024-06,2024,6,7,True,False,False,True,False,False,False,False,True,False
175000.0,2024-06,2024,6,5,True,False,False,False,False,True,False,True,False,False
200000.0,2024-06,2024,6,5,True,False,False,False,False,False,True,True,False,False
0.0,2024-06,2024,6,5,True,False,False,False,False,True,False,False,False,True
35000.0,2024-06,2024,6,5,True,False,False,False,False,True,False,False,True,False
30000.0,2024-06,2024,6,5,False,True,False,False,False,True,False,True,False,False
67000.0,2024-06,2024,6,5,False,False,True,True,False,False,False,True,False,False
155000.0,2024-06,2024,6,5,True,False,False,False,False,False,True,True,False,False
10000.0,2024-06,2024,6,5,False,False,True,False,False,True,False,True,False,False
199000.0,2024-06,2024,6,5,True,False,False,False,False,True,False,True,False,False
200000.0,2024-06,2024,6,5,True,False,False,False,False,True,False,False,True,False
70000.0,2024-06,2024,6,5,True,False,False,False,False,True,False,False,True,False
200000.0,2024-06,2024,6,4,True,False,False,False,False,True,False,True,False,False
90000.0,2024-06,2024,6,3,False,True,False,True,False,False,False,True,False,False
300000.0,2024-06,2024,6,3,True,False,False,False,False,False,True,True,False,False
100000.0,2024-06,2024,6,3,False,False,True,False,False,True,False,True,False,False
520000.0,2024-05,2024,5,31,False,True,False,False,False,False,True,True,False,False
54000.0,2024-05,2024,5,31,False,False,True,False,False,True,False,True,False,False
30000.0,2024-05,2024,5,31,False,True,False,False,False,True,False,True,False,False
100000.0,2024-05,2024,5,31,False,False,True,False,False,True,False,True,False,False
10000.0,2024-05,2024,5,31,True,False,False,True,False,False,False,True,False,False
190000.0,2024-05,2024,5,30,False,True,False,False,False,True,False,True,False,False
35000.0,2024-05,2024,5,30,True,False,False,False,False,False,True,True,False,False
35000.0,2024-05,2024,5,29,False,True,False,False,False,True,False,True,False,False
11000.0,2024-05,2024,5,29,True,False,False,False,False,True,False,False,True,False
30000.0,2024-05,2024,5,29,False,True,False,False,False,True,False,True,False,False
160000.0,2024-05,2024,5,28,True,False,False,False,False,True,False,True,False,False
30000.0,2024-05,2024,5,28,False,False,True,True,False,False,False,True,False,False
35000.0,2024-05,2024,5,28,False,True,False,False,False,True,False,True,False,False
0.0,2024-05,2024,5,28,True,False,False,False,False,True,False,False,False,True
20000.0,2024-05,2024,5,28,False,False,True,True,False,False,False,True,False,False
155000.0,2024-05,2024,5,27,True,False,False,False,False,True,False,True,False,False
500000.0,2024-05,2024,5,27,True,False,False,False,False,True,False,True,False,False
56000.0,2024-05,2024,5,27,False,False,True,False,False,True,False,True,False,False
30000.0,2024-05,2024,5,27,False,True,False,False,False,True,False,True,False,False
4000.0,2024-05,2024,5,26,True,False,False,True,False,False,False,True,False,False
250000.0,2024-05,2024,5,26,True,False,False,False,False,True,False,True,False,False
20000.0,2024-05,2024,5,26,True,False,False,False,False,True,False,True,False,False
20000.0,2024-05,2024,5,25,False,True,False,False,False,True,False,True,False,False
60000.0,2024-05,2024,5,25,False,True,False,False,False,True,False,True,False,False
70000.0,2024-05,2024,5,25,False,True,False,False,False,True,False,True,False,False
20000.0,2024-05,2024,5,25,False,False,True,False,False,True,False,True,False,False
40000.0,2024-05,2024,5,24,False,False,True,True,False,False,False,True,False,False
20000.0,2024-05,2024,5,24,False,False,True,False,False,True,False,True,False,False
30000.0,2024-05,2024,5,24,False,True,False,False,False,True,False,True,False,False
555000.0,2024-05,2024,5,24,True,False,False,False,False,True,False,True,False,False
30000.0,2024-05,2024,5,23,False,True,False,False,False,True,False,True,False,False
259000.0,2024-05,2024,5,21,True,False,False,False,False,True,False,True,False,False
470820.0,2024-05,2024,5,21,True,False,False,False,False,True,False,True,False,False
10000.0,2024-05,2024,5,21,False,True,False,False,False,True,False,True,False,False
50000.0,2024-05,2024,5,21,True,False,False,False,False,True,False,True,False,False
35000.0,2024-05,2024,5,21,False,True,False,False,False,True,False,True,False,False
100000.0,2024-05,2024,5,21,False,False,True,False,False,True,False,True,False,False
40000.0,2024-05,2024,5,21,False,False,True,True,False,False,False,True,False,False
75000.0,2024-05,2024,5,20,False,True,False,False,False,True,False,True,False,False
20000.0,2024-05,2024,5,20,False,True,False,False,False,True,False,True,False,False
35000.0,2024-05,2024,5,19,True,False,False,False,False,True,False,True,False,False
35000.0,2024-05,2024,5,19,True,False,False,False,False,True,False,True,False,False
14000.0,2024-05,2024,5,19,False,True,False,False,False,True,False,True,False,False
30000.0,2024-05,2024,5,17,False,True,False,False,False,True,False,True,False,False
30000.0,2024-05,2024,5,16,False,True,False,False,False,True,False,True,False,False
130000.0,2024-05,2024,5,15,False,True,False,False,False,True,False,True,False,False
220000.0,2024-05,2024,5,15,False,True,False,False,False,True,False,True,False,False
35000.0,2024-05,2024,5,15,False,False,True,False,True,False,False,True,False,False
10000.0,2024-05,2024,5,15,False,False,True,True,False,False,False,True,False,False
35000.0,2024-05,2024,5,15,False,False,True,False,False,True,False,True,False,False
0.0,2024-05,2024,5,14,False,False,True,False,False,True,False,False,False,True
10000.0,2024-05,2024,5,14,False,True,False,True,False,False,False,True,False,False
20000.0,2024-05,2024,5,14,False,False,True,True,False,False,False,True,False,False
35000.0,2024-05,2024,5,14,False,False,True,False,True,False,False,True,False,False
35000.0,2024-05,2024,5,14,False,False,True,False,True,False,False,True,False,False
30000.0,2024-05,2024,5,12,False,True,False,False,False,True,False,True,False,False
60000.0,2024-05,2024,5,10,False,True,False,False,False,True,False,True,False,False
35000.0,2024-05,2024,5,10,False,False,True,False,True,False,False,True,False,False
35000.0,2024-05,2024,5,10,False,False,True,False,True,False,False,True,False,False
35000.0,2024-05,2024,5,9,True,False,False,False,False,True,False,True,False,False
20000.0,2024-05,2024,5,9,False,True,False,False,False,True,False,True,False,False
30000.0,2024-05,2024,5,9,False,True,False,False,False,True,False,True,False,False
80000.0,2024-05,2024,5,8,False,True,False,False,False,True,False,True,False,False
10000.0,2024-05,2024,5,8,False,False,True,True,False,False,False,True,False,False
35000.0,2024-05,2024,5,8,False,False,True,False,True,False,False,True,False,False
35000.0,2024-05,2024,5,8,False,False,True,False,True,False,False,True,False,False
10000.0,2024-05,2024,5,8,False,False,True,True,False,False,False,True,False,False
35000.0,2024-05,2024,5,7,False,False,True,False,True,False,False,True,False,False
35000.0,2024-05,2024,5,7,False,False,True,False,True,False,False,True,False,False
120000.0,2024-05,2024,5,7,False,True,False,False,False,True,False,True,False,False
10000.0,2024-05,2024,5,7,False,False,True,True,False,False,False,True,False,False
10000.0,2024-05,2024,5,6,False,False,True,True,False,False,False,True,False,False
100000.0,2024-05,2024,5,6,True,False,False,False,False,True,False,True,False,False
35000.0,2024-05,2024,5,6,False,False,True,False,True,False,False,True,False,False
35000.0,2024-05,2024,5,6,False,False,True,False,True,False,False,True,False,False
40000.0,2024-05,2024,5,6,False,True,False,False,False,True,False,True,False,False
100000.0,2024-05,2024,5,6,False,True,False,False,False,True,False,True,False,False
80000.0,2024-05,2024,5,6,False,False,True,False,False,True,False,False,True,False
30000.0,2024-05,2024,5,6,False,False,True,True,False,False,False,True,False,False
200000.0,2024-05,2024,5,4,False,False,True,False,False,True,False,True,False,False
20000.0,2024-05,2024,5,4,True,False,False,False,False,True,False,True,False,False
100000.0,2024-05,2024,5,3,False,False,True,False,False,True,False,True,False,False
266900.0,2024-05,2024,5,3,True,False,False,False,False,True,False,True,False,False
50000.0,2024-05,2024,5,3,False,False,True,False,False,True,False,True,False,False
35000.0,2024-05,2024,5,2,True,False,False,False,False,True,False,True,False,False
80000.0,2024-05,2024,5,2,False,True,False,False,False,True,False,True,False,False
10000.0,2024-05,2024,5,2,False,False,True,True,False,False,False,True,False,False
20000.0,2024-05,2024,5,2,False,False,True,True,False,False,False,True,False,False
80000.0,2024-05,2024,5,2,False,True,False,False,False,True,False,True,False,False
30000.0,2024-05,2024,5,2,False,True,False,False,False,True,False,True,False,False
0.0,2024-05,2024,5,2,False,False,True,False,False,True,False,False,False,True
199000.0,2024-05,2024,5,2,True,False,False,False,False,True,False,True,False,False
35000.0,2024-05,2024,5,2,True,False,False,False,False,True,False,True,False,False
30000.0,2024-05,2024,5,1,False,False,True,False,False,True,False,True,False,False
155000.0,2024-05,2024,5,1,True,False,False,False,False,True,False,True,False,False
60000.0,2024-05,2024,5,1,False,True,False,False,False,True,False,True,False,False
0.0,2024-05,2024,5,1,False,False,True,False,False,True,False,False,False,True
0.0,2024-05,2024,5,1,False,False,True,False,False,True,False,False,False,True
35000.0,2024-05,2024,5,1,False,False,True,True,False,False,False,True,False,False
35000.0,2024-05,2024,5,1,False,False,True,False,True,False,False,True,False,False
30000.0,2024-05,2024,5,1,False,True,False,False,False,True,False,True,False,False
35000.0,2024-04,2024,4,30,True,False,False,False,False,True,False,False,True,False
10000.0,2024-04,2024,4,30,False,False,True,True,False,False,False,True,False,False
35000.0,2024-04,2024,4,30,False,False,True,False,False,True,False,True,False,False
35000.0,2024-04,2024,4,30,False,False,True,False,False,True,False,True,False,False
90000.0,2024-04,2024,4,30,False,True,False,False,False,True,False,True,False,False
10000.0,2024-04,2024,4,29,False,False,True,True,False,False,False,True,False,False
35000.0,2024-04,2024,4,29,False,False,True,False,False,True,False,True,False,False
80000.0,2024-04,2024,4,29,False,False,True,True,False,False,False,True,False,False
10000.0,2024-04,2024,4,29,False,False,True,True,False,False,False,True,False,False
35000.0,2024-04,2024,4,29,False,False,True,False,False,True,False,True,False,False
500000.0,2024-04,2024,4,28,True,False,False,False,False,True,False,True,False,False
30000.0,2024-04,2024,4,28,False,True,False,False,False,True,False,True,False,False
100000.0,2024-04,2024,4,27,False,True,False,False,False,True,False,True,False,False
40000.0,2024-04,2024,4,27,True,False,False,False,False,True,False,True,False,False
90000.0,2024-04,2024,4,27,False,True,False,False,False,True,False,True,False,False
60000.0,2024-04,2024,4,27,False,True,False,False,False,True,False,True,False,False
120000.0,2024-04,2024,4,27,False,True,False,False,False,True,False,True,False,False
60000.0,2024-04,2024,4,27,False,True,False,False,False,True,False,True,False,False
100000.0,2024-04,2024,4,27,False,True,False,False,False,True,False,True,False,False
100000.0,2024-04,2024,4,27,True,False,False,False,False,True,False,False,True,False
300000.0,2024-04,2024,4,27,True,False,False,False,False,True,False,False,True,False
100000.0,2024-04,2024,4,27,False,False,True,False,False,True,False,True,False,False
49000.0,2024-04,2024,4,26,False,True,False,False,False,True,False,True,False,False
500000.0,2024-04,2024,4,26,True,False,False,False,False,True,False,True,False,False
10000.0,2024-04,2024,4,26,False,True,False,False,False,True,False,True,False,False
49000.0,2024-04,2024,4,26,False,True,False,False,False,True,False,True,False,False
120000.0,2024-04,2024,4,26,False,True,False,False,False,True,False,True,False,False
60000.0,2024-04,2024,4,26,False,True,False,False,False,True,False,True,False,False
100000.0,2024-04,2024,4,26,False,False,True,False,False,True,False,True,False,False
20000.0,2024-04,2024,4,25,False,True,False,False,False,True,False,True,False,False
100000.0,2024-04,2024,4,25,False,False,True,False,False,True,False,True,False,False
699000.0,2024-04,2024,4,24,True,False,False,False,False,True,False,True,False,False
100000.0,2024-04,2024,4,24,False,False,True,False,False,True,False,True,False,False
50000.0,2024-04,2024,4,24,False,False,True,False,False,True,False,True,False,False
60000.0,2024-04,2024,4,24,False,True,False,False,False,True,False,True,False,False
795000.0,2024-04,2024,4,23,False,True,False,False,False,True,False,True,False,False
20000.0,2024-04,2024,4,23,False,False,True,True,False,False,False,True,False,False
35000.0,2024-04,2024,4,23,False,False,True,False,True,False,False,True,False,False
35000.0,2024-04,2024,4,23,False,False,True,False,True,False,False,True,False,False
10000.0,2024-04,2024,4,22,False,False,True,True,False,False,False,True,False,False
35000.0,2024-04,2024,4,22,False,False,True,False,True,False,False,True,False,False
430000.0,2024-04,2024,4,22,False,False,True,False,False,True,False,True,False,False
259000.0,2024-04,2024,4,22,True,False,False,False,False,True,False,True,False,False
44020.0,2024-04,2024,4,22,False,False,True,False,False,False,True,False,True,False
20000.0,2024-04,2024,4,22,False,False,True,False,False,True,False,True,False,False
20000.0,2024-04,2024,4,22,False,False,True,True,False,False,False,True,False,False
30000.0,2024-04,2024,4,22,False,False,True,True,False,False,False,True,False,False
30000.0,2024-04,2024,4,22,True,False,False,True,False,False,False,False,True,False
35000.0,2024-04,2024,4,22,False,False,True,False,True,False,False,True,False,False
40000.0,2024-04,2024,4,21,False,True,False,False,False,True,False,True,False,False
70000.0,2024-04,2024,4,21,False,True,False,True,False,False,False,True,False,False
25000.0,2024-04,2024,4,21,False,True,False,False,False,True,False,True,False,False
100000.0,2024-04,2024,4,21,False,False,True,False,False,True,False,True,False,False
10000.0,2024-04,2024,4,21,True,False,False,True,False,False,False,True,False,False
799000.0,2024-04,2024,4,20,True,False,False,False,False,True,False,True,False,False
83000.0,2024-04,2024,4,20,False,True,False,False,False,True,False,True,False,False
89520.0,2024-04,2024,4,20,True,False,False,False,False,True,False,False,True,False
88010.0,2024-04,2024,4,20,False,True,False,False,False,True,False,True,False,False
30000.0,2024-04,2024,4,20,False,True,False,True,False,False,False,True,False,False
10000.0,2024-04,2024,4,19,False,False,True,True,False,False,False,True,False,False
35000.0,2024-04,2024,4,19,False,False,True,False,True,False,False,True,False,False
35000.0,2024-04,2024,4,19,False,False,True,False,True,False,False,True,False,False
75000.0,2024-04,2024,4,18,False,True,False,False,False,True,False,True,False,False
130000.0,2024-04,2024,4,18,False,True,False,False,False,True,False,True,False,False
5000.0,2024-04,2024,4,17,False,False,True,True,False,False,False,True,False,False
0.0,2024-04,2024,4,17,False,False,True,False,False,True,False,False,False,True
35000.0,2024-04,2024,4,17,False,False,True,True,False,False,False,True,False,False
0.0,2024-04,2024,4,17,False,False,True,False,False,True,False,False,False,True
35000.0,2024-04,2024,4,16,False,False,True,False,True,False,False,True,False,False
10000.0,2024-04,2024,4,16,False,False,True,True,False,False,False,True,False,False
35000.0,2024-04,2024,4,16,False,False,True,False,True,False,False,True,False,False
10000.0,2024-04,2024,4,15,False,False,True,True,False,False,False,True,False,False
35000.0,2024-04,2024,4,15,False,False,True,False,True,False,False,True,False,False
60000.0,2024-04,2024,4,15,False,True,False,False,False,True,False,True,False,False
616320.0,2024-04,2024,4,15,True,False,False,False,False,True,False,True,False,False
35000.0,2024-04,2024,4,15,False,False,True,False,True,False,False,True,False,False
10000.0,2024-04,2024,4,15,False,False,True,True,False,False,False,True,False,False
30000.0,2024-04,2024,4,14,False,True,False,False,False,True,False,True,False,False
20000.0,2024-04,2024,4,12,False,False,True,True,False,False,False,True,False,False
0.0,2024-04,2024,4,12,False,False,True,False,False,True,False,False,False,True
35000.0,2024-04,2024,4,12,False,False,True,False,True,False,False,True,False,False
35000.0,2024-04,2024,4,12,False,False,True,False,True,False,False,True,False,False
40000.0,2024-04,2024,4,12,False,False,True,False,True,False,False,True,False,False
35000.0,2024-04,2024,4,10,False,False,True,False,True,False,False,True,False,False
30000.0,2024-04,2024,4,10,False,False,True,True,False,False,False,True,False,False
70990.0,2024-04,2024,4,10,False,False,True,False,False,True,False,True,False,False
35000.0,2024-04,2024,4,10,True,False,False,False,False,True,False,True,False,False
35000.0,2024-04,2024,4,10,False,False,True,False,True,False,False,True,False,False
140000.0,2024-04,2024,4,10,False,True,False,False,False,True,False,True,False,False
35000.0,2024-04,2024,4,8,False,False,True,False,True,False,False,True,False,False
10000.0,2024-04,2024,4,8,False,False,True,True,False,False,False,True,False,False
30000.0,2024-04,2024,4,7,False,True,False,False,False,True,False,True,False,False
250000.0,2024-04,2024,4,7,True,False,False,False,False,True,False,True,False,False
10000.0,2024-04,2024,4,6,False,True,False,False,False,True,False,True,False,False
10000.0,2024-04,2024,4,6,False,False,True,True,False,False,False,True,False,False
30000.0,2024-04,2024,4,6,False,True,False,False,False,True,False,True,False,False
20000.0,2024-04,2024,4,6,False,False,True,True,False,False,False,True,False,False
30000.0,2024-04,2024,4,5,False,True,False,False,False,True,False,True,False,False
35000.0,2024-04,2024,4,5,False,False,True,False,True,False,False,True,False,False
0.0,2024-04,2024,4,5,False,False,True,False,False,True,False,False,False,True
309840.0,2024-04,2024,4,5,True,False,False,False,False,True,False,True,False,False
25000.0,2024-04,2024,4,5,False,True,False,False,False,True,False,True,False,False
35000.0,2024-04,2024,4,5,False,False,True,False,True,False,False,True,False,False
75000.0,2024-04,2024,4,4,False,True,False,False,False,True,False,True,False,False
100000.0,2024-04,2024,4,4,True,False,False,False,False,True,False,True,False,False
761440.0,2024-04,2024,4,4,True,False,False,False,False,True,False,False,True,False
0.0,2024-04,2024,4,3,False,False,True,False,False,True,False,False,False,True
35000.0,2024-04,2024,4,3,True,False,False,False,False,True,False,False,True,False
10000.0,2024-04,2024,4,3,False,False,True,True,False,False,False,True,False,False
35000.0,2024-04,2024,4,3,False,False,True,False,True,False,False,True,False,False
35000.0,2024-04,2024,4,2,False,False,True,False,True,False,False,True,False,False
35000.0,2024-04,2024,4,2,False,False,True,False,True,False,False,True,False,False
10000.0,2024-04,2024,4,2,False,True,False,True,False,False,False,True,False,False
60000.0,2024-04,2024,4,2,False,True,False,True,False,False,False,True,False,False
60000.0,2024-04,2024,4,2,True,False,False,True,False,False,False,False,True,False
10000.0,2024-04,2024,4,2,False,False,True,True,False,False,False,True,False,False
199000.0,2024-04,2024,4,1,True,False,False,False,False,False,True,True,False,False
35000.0,2024-04,2024,4,1,True,False,False,False,False,False,True,True,False,False
100000.0,2024-04,2024,4,1,True,False,False,True,False,False,False,False,True,False
160000.0,2024-04,2024,4,1,False,True,False,False,False,True,False,True,False,False
50000.0,2024-04,2024,4,1,False,True,False,False,False,True,False,True,False,False
50000.0,2024-04,2024,4,1,False,False,True,True,False,False,False,True,False,False
35000.0,2024-03,2024,3,31,False,False,True,False,True,False,False,True,False,False
10000.0,2024-03,2024,3,31,False,False,True,True,False,False,False,True,False,False
35000.0,2024-03,2024,3,31,True,False,False,False,False,True,False,True,False,False
35000.0,2024-03,2024,3,31,True,False,False,False,False,True,False,True,False,False
150000.0,2024-03,2024,3,31,True,False,False,False,False,True,False,True,False,False
100000.0,2024-03,2024,3,30,True,False,False,True,False,False,False,True,False,False
90000.0,2024-03,2024,3,29,False,True,False,False,False,True,False,True,False,False
35000.0,2024-03,2024,3,29,True,False,False,False,False,True,False,True,False,False
60000.0,2024-03,2024,3,29,False,True,False,False,False,True,False,True,False,False
100000.0,2024-03,2024,3,28,True,False,False,False,False,True,False,True,False,False
250000.0,2024-03,2024,3,28,False,True,False,False,False,True,False,True,False,False
5000.0,2024-03,2024,3,28,False,False,True,False,False,True,False,True,False,False
35000.0,2024-03,2024,3,28,True,False,False,False,False,True,False,False,True,False
0.0,2024-03,2024,3,28,False,False,True,False,False,True,False,False,False,True
70000.0,2024-03,2024,3,27,False,True,False,True,False,False,False,True,False,False
40000.0,2024-03,2024,3,26,False,True,False,False,False,True,False,True,False,False
20000.0,2024-03,2024,3,26,False,False,True,True,False,False,False,True,False,False
10000.0,2024-03,2024,3,25,False,False,True,True,False,False,False,True,False,False
10000.0,2024-03,2024,3,25,False,False,True,True,False,False,False,True,False,False
35000.0,2024-03,2024,3,25,False,False,True,False,True,False,False,True,False,False
35000.0,2024-03,2024,3,25,False,False,True,False,True,False,False,True,False,False
0.0,2024-03,2024,3,25,False,False,True,True,False,False,False,False,False,True
105000.0,2024-03,2024,3,24,False,False,True,False,False,True,False,True,False,False
30000.0,2024-03,2024,3,22,False,False,True,True,False,False,False,True,False,False
10000.0,2024-03,2024,3,22,False,True,False,False,False,True,False,True,False,False
80000.0,2024-03,2024,3,22,False,True,False,False,False,True,False,True,False,False
0.0,2024-03,2024,3,22,False,False,True,False,False,True,False,False,False,True
35000.0,2024-03,2024,3,22,False,False,True,False,True,False,False,True,False,False
500000.0,2024-03,2024,3,21,True,False,False,False,False,True,False,True,False,False
259000.0,2024-03,2024,3,21,True,False,False,False,False,True,False,True,False,False
35000.0,2024-03,2024,3,21,True,False,False,False,False,True,False,False,True,False
230000.0,2024-03,2024,3,21,True,False,False,False,False,True,False,True,False,False
200000.0,2024-03,2024,3,21,False,False,True,False,False,True,False,True,False,False
35000.0,2024-03,2024,3,19,False,False,True,False,True,False,False,True,False,False
25000.0,2024-03,2024,3,19,False,True,False,False,False,True,False,True,False,False
35000.0,2024-03,2024,3,19,False,False,True,False,True,False,False,True,False,False
260000.0,2024-03,2024,3,19,False,True,False,False,False,True,False,True,False,False
430000.0,2024-03,2024,3,19,True,False,False,False,False,True,False,True,False,False
35000.0,2024-03,2024,3,18,False,False,True,False,True,False,False,True,False,False
110000.0,2024-03,2024,3,17,False,False,True,True,False,False,False,True,False,False
30000.0,2024-03,2024,3,16,False,True,False,False,False,True,False,True,False,False
35000.0,2024-03,2024,3,16,True,False,False,False,False,True,False,True,False,False
40000.0,2024-03,2024,3,15,False,True,False,False,False,True,False,True,False,False
20000.0,2024-03,2024,3,15,False,True,False,False,False,True,False,True,False,False
35000.0,2024-03,2024,3,15,False,False,True,False,True,False,False,True,False,False
74000.0,2024-03,2024,3,15,False,False,True,False,False,True,False,True,False,False
105000.0,2024-03,2024,3,14,False,True,False,False,False,True,False,True,False,False
30000.0,2024-03,2024,3,13,False,True,False,False,False,True,False,True,False,False
8000.0,2024-03,2024,3,13,True,False,False,False,False,True,False,True,False,False
35000.0,2024-03,2024,3,12,True,False,False,False,False,True,False,True,False,False
60000.0,2024-03,2024,3,12,True,False,False,False,False,True,False,True,False,False
90000.0,2024-03,2024,3,12,False,True,False,False,False,True,False,True,False,False
150000.0,2024-03,2024,3,12,False,True,False,False,False,True,False,True,False,False
30000.0,2024-03,2024,3,12,False,True,False,False,False,True,False,True,False,False
30000.0,2024-03,2024,3,11,False,True,False,False,False,True,False,True,False,False
9000.0,2024-03,2024,3,10,True,False,False,False,False,True,False,True,False,False
35000.0,2024-03,2024,3,10,True,False,False,False,False,True,False,True,False,False
10000.0,2024-03,2024,3,9,False,True,False,False,False,True,False,True,False,False
200000.0,2024-03,2024,3,9,False,False,True,False,False,True,False,True,False,False
10000.0,2024-03,2024,3,8,False,True,False,False,False,True,False,True,False,False
30000.0,2024-03,2024,3,8,False,True,False,False,False,True,False,True,False,False
60000.0,2024-03,2024,3,7,False,True,False,False,False,True,False,True,False,False
35000.0,2024-03,2024,3,7,False,False,True,True,False,False,False,True,False,False
20000.0,2024-03,2024,3,7,False,False,True,True,False,False,False,True,False,False
25000.0,2024-03,2024,3,7,False,False,True,True,False,False,False,True,False,False
35000.0,2024-03,2024,3,7,False,False,True,False,True,False,False,True,False,False
10000.0,2024-03,2024,3,7,False,False,True,True,False,False,False,True,False,False
0.0,2024-03,2024,3,7,False,False,True,False,False,True,False,False,False,True
0.0,2024-03,2024,3,7,False,False,True,False,False,True,False,False,False,True
35000.0,2024-03,2024,3,6,False,False,True,False,True,False,False,True,False,False
10000.0,2024-03,2024,3,6,False,True,False,True,False,False,False,True,False,False
35000.0,2024-03,2024,3,6,False,False,True,False,True,False,False,True,False,False
125000.0,2024-03,2024,3,6,False,True,False,False,False,True,False,True,False,False
35000.0,2024-03,2024,3,6,True,False,False,False,False,True,False,True,False,False
99000.0,2024-03,2024,3,6,True,False,False,False,False,True,False,True,False,False
5530.0,2024-03,2024,3,6,False,False,True,False,False,False,True,False,True,False
35000.0,2024-03,2024,3,5,False,False,True,False,True,False,False,True,False,False
10000.0,2024-03,2024,3,5,False,False,True,True,False,False,False,True,False,False
35000.0,2024-03,2024,3,5,False,False,True,False,True,False,False,True,False,False
20000.0,2024-03,2024,3,4,False,True,False,False,False,True,False,True,False,False
25000.0,2024-03,2024,3,4,False,True,False,False,False,True,False,True,False,False
35000.0,2024-03,2024,3,4,False,False,True,True,False,False,False,True,False,False
35000.0,2024-03,2024,3,4,False,False,True,False,True,False,False,True,False,False
80000.0,2024-03,2024,3,4,True,False,False,True,False,False,False,True,False,False
0.0,2024-03,2024,3,4,False,False,True,False,False,True,False,False,False,True
60000.0,2024-03,2024,3,3,False,True,False,False,False,True,False,True,False,False
150000.0,2024-03,2024,3,3,True,False,False,False,False,True,False,True,False,False
100000.0,2024-03,2024,3,3,False,True,False,False,False,True,False,True,False,False
150000.0,2024-03,2024,3,3,False,True,False,False,False,True,False,True,False,False
419000.0,2024-03,2024,3,2,True,False,False,False,False,True,False,True,False,False
476000.0,2024-03,2024,3,2,True,False,False,False,False,True,False,True,False,False
35000.0,2024-03,2024,3,2,True,False,False,False,False,True,False,True,False,False
35000.0,2024-03,2024,3,2,True,False,False,False,False,True,False,True,False,False
60000.0,2024-03,2024,3,1,False,True,False,False,False,True,False,True,False,False
35000.0,2024-03,2024,3,1,False,False,True,False,True,False,False,True,False,False
35000.0,2024-03,2024,3,1,False,False,True,False,True,False,False,True,False,False
35000.0,2024-03,2024,3,1,True,False,False,False,False,True,False,True,False,False
599000.0,2024-02,2024,2,29,True,False,False,False,False,True,False,True,False,False
60000.0,2024-02,2024,2,29,False,True,False,False,False,True,False,True,False,False
35000.0,2024-02,2024,2,29,False,False,True,False,False,True,False,False,True,False
45020.0,2024-02,2024,2,29,False,False,True,False,False,False,True,True,False,False
0.0,2024-02,2024,2,29,False,False,True,False,False,False,True,False,True,False
100000.0,2024-02,2024,2,29,False,False,True,False,False,False,True,True,False,False
100000.0,2024-02,2024,2,29,True,False,False,True,False,False,False,True,False,False
150000.0,2024-02,2024,2,29,True,False,False,True,False,False,False,True,False,False
10000.0,2024-02,2024,2,28,False,False,True,True,False,False,False,True,False,False
35000.0,2024-02,2024,2,28,False,False,True,False,True,False,False,True,False,False
60000.0,2024-02,2024,2,28,False,True,False,False,False,False,True,True,False,False
35000.0,2024-02,2024,2,28,False,False,True,True,False,False,False,True,False,False
15000.0,2024-02,2024,2,28,False,False,True,True,False,False,False,True,False,False
10000.0,2024-02,2024,2,27,False,False,True,True,False,False,False,True,False,False
35000.0,2024-02,2024,2,27,False,False,True,False,True,False,False,True,False,False
140000.0,2024-02,2024,2,27,False,True,False,False,False,False,True,True,False,False
10000.0,2024-02,2024,2,27,False,False,True,True,False,False,False,True,False,False
35000.0,2024-02,2024,2,27,False,True,False,False,False,False,True,True,False,False
35000.0,2024-02,2024,2,27,False,False,True,False,True,False,False,True,False,False
0.0,2024-02,2024,2,26,False,False,True,False,False,False,True,False,False,True
10000.0,2024-02,2024,2,26,False,False,True,True,False,False,False,True,False,False
60000.0,2024-02,2024,2,26,False,True,False,False,False,False,True,True,False,False
0.0,2024-02,2024,2,26,False,False,True,False,False,False,True,False,False,True
940000.0,2024-02,2024,2,26,False,False,True,False,False,False,True,False,True,False
10000.0,2024-02,2024,2,26,False,False,True,True,False,False,False,True,False,False
10000.0,2024-02,2024,2,26,False,False,True,True,False,False,False,True,False,False
35000.0,2024-02,2024,2,26,False,False,True,False,True,False,False,True,False,False
35000.0,2024-02,2024,2,26,False,False,True,False,True,False,False,True,False,False
200000.0,2024-02,2024,2,26,True,False,False,True,False,False,False,True,False,False
50000.0,2024-02,2024,2,26,True,False,False,True,False,False,False,True,False,False
50000.0,2024-02,2024,2,24,False,True,False,True,False,False,False,True,False,False
35000.0,2024-02,2024,2,24,False,True,False,True,False,False,False,True,False,False
25000.0,2024-02,2024,2,23,False,True,False,True,False,False,False,True,False,False
10000.0,2024-02,2024,2,23,False,False,True,True,False,False,False,True,False,False
35000.0,2024-02,2024,2,23,False,False,True,False,True,False,False,True,False,False
10000.0,2024-02,2024,2,23,False,False,True,True,False,False,False,True,False,False
35000.0,2024-02,2024,2,23,False,False,True,False,True,False,False,True,False,False
50000.0,2024-02,2024,2,22,True,False,False,False,False,False,True,True,False,False
10000.0,2024-02,2024,2,22,False,False,True,True,False,False,False,True,False,False
35000.0,2024-02,2024,2,22,False,False,True,False,True,False,False,True,False,False
180000.0,2024-02,2024,2,22,True,False,False,False,False,False,True,True,False,False
10000.0,2024-02,2024,2,22,False,False,True,True,False,False,False,True,False,False
35000.0,2024-02,2024,2,22,False,False,True,False,True,False,False,True,False,False
30000.0,2024-02,2024,2,21,False,True,False,False,False,False,True,True,False,False
10000.0,2024-02,2024,2,21,False,False,True,True,False,False,False,True,False,False
35000.0,2024-02,2024,2,21,False,False,True,False,True,False,False,True,False,False
259000.0,2024-02,2024,2,21,True,False,False,False,False,False,True,True,False,False
9000.0,2024-02,2024,2,20,True,False,False,False,False,False,True,True,False,False
10000.0,2024-02,2024,2,20,False,False,True,True,False,False,False,True,False,False
35000.0,2024-02,2024,2,20,False,False,True,False,True,False,False,True,False,False
35000.0,2024-02,2024,2,20,False,False,True,False,True,False,False,True,False,False
10000.0,2024-02,2024,2,19,False,False,True,True,False,False,False,True,False,False
35000.0,2024-02,2024,2,19,False,False,True,False,True,False,False,True,False,False
35000.0,2024-02,2024,2,19,False,False,True,False,False,False,True,True,False,False
0.0,2024-02,2024,2,19,False,False,True,False,False,False,True,False,False,True
0.0,2024-02,2024,2,18,False,False,True,False,False,False,True,False,False,True
250000.0,2024-02,2024,2,18,False,True,False,False,False,False,True,True,False,False
40000.0,2024-02,2024,2,18,False,True,False,False,False,False,True,True,False,False
40000.0,2024-02,2024,2,18,False,True,False,True,False,False,False,True,False,False
150000.0,2024-02,2024,2,18,True,False,False,False,False,False,True,True,False,False
50000.0,2024-02,2024,2,18,True,False,False,True,False,False,False,True,False,False
430000.0,2024-02,2024,2,17,True,False,False,False,False,False,True,True,False,False
20000.0,2024-02,2024,2,17,False,True,False,False,False,False,True,True,False,False
16000.0,2024-02,2024,2,17,False,False,True,True,False,False,False,True,False,False
130000.0,2024-02,2024,2,17,False,False,True,False,False,False,True,False,True,False
35000.0,2024-02,2024,2,16,False,False,True,False,True,False,False,True,False,False
35000.0,2024-02,2024,2,16,False,False,True,False,True,False,False,True,False,False
35000.0,2024-02,2024,2,15,False,False,True,False,True,False,False,True,False,False
100000.0,2024-02,2024,2,14,False,True,False,False,False,False,True,True,False,False
100000.0,2024-02,2024,2,14,False,False,True,False,False,False,True,True,False,False
100000.0,2024-02,2024,2,14,False,False,True,False,False,False,True,True,False,False
35000.0,2024-02,2024,2,13,False,False,True,False,True,False,False,True,False,False
0.0,2024-02,2024,2,13,False,False,True,False,False,False,True,False,False,True
35000.0,2024-02,2024,2,13,False,False,True,False,True,False,False,True,False,False
10000.0,2024-02,2024,2,13,False,False,True,True,False,False,False,True,False,False
35000.0,2024-02,2024,2,12,False,False,True,False,True,False,False,True,False,False
10000.0,2024-02,2024,2,12,False,False,True,True,False,False,False,True,False,False
2000.0,2024-02,2024,2,12,False,False,True,False,True,False,False,False,True,False
130000.0,2024-02,2024,2,11,False,True,False,False,False,False,True,True,False,False
45000.0,2024-02,2024,2,10,False,True,False,False,False,False,True,True,False,False
20000.0,2024-02,2024,2,10,False,False,True,True,False,False,False,True,False,False
145000.0,2024-02,2024,2,9,False,True,False,False,False,False,True,True,False,False
998000.0,2024-02,2024,2,9,True,False,False,False,False,False,True,True,False,False
2000.0,2024-02,2024,2,9,False,False,True,False,False,False,True,False,True,False
102000.0,2024-02,2024,2,8,True,False,False,False,False,False,True,True,False,False
247000.0,2024-02,2024,2,8,False,True,False,False,False,False,True,True,False,False
2000.0,2024-02,2024,2,8,False,False,True,False,False,False,True,True,False,False
999000.0,2024-02,2024,2,8,True,False,False,False,False,False,True,True,False,False
799000.0,2024-02,2024,2,8,True,False,False,False,False,False,True,True,False,False
35000.0,2024-02,2024,2,7,False,False,True,False,False,False,True,True,False,False
1000.0,2024-02,2024,2,7,True,False,False,False,False,False,True,True,False,False
440000.0,2024-02,2024,2,6,False,False,True,False,False,False,True,True,False,False
35000.0,2024-02,2024,2,6,True,False,False,False,False,False,True,True,False,False
0.0,2024-02,2024,2,5,False,False,True,False,False,False,True,False,False,True
90000.0,2024-02,2024,2,5,False,True,False,False,False,False,True,True,False,False
400000.0,2024-02,2024,2,5,True,False,False,False,False,False,True,True,False,False
40000.0,2024-02,2024,2,5,False,False,True,True,False,False,False,True,False,False
4450.0,2024-02,2024,2,3,True,False,False,False,False,False,True,False,True,False
839000.0,2024-02,2024,2,3,True,False,False,False,False,False,True,True,False,False
20000.0,2024-02,2024,2,3,False,False,True,False,False,False,True,True,False,False
35000.0,2024-02,2024,2,3,True,False,False,False,False,False,True,True,False,False
200000.0,2024-02,2024,2,2,False,False,True,False,False,False,True,True,False,False
299000.0,2024-02,2024,2,2,True,False,False,False,False,False,True,True,False,False
99000.0,2024-02,2024,2,1,True,False,False,False,False,False,True,True,False,False
40000.0,2024-02,2024,2,1,False,True,False,False,False,False,True,True,False,False
100000.0,2024-02,2024,2,1,True,False,False,False,False,False,True,True,False,False
100000.0,2024-02,2024,2,1,True,False,False,False,False,False,True,True,False,False
35000.0,2024-02,2024,2,1,True,False,False,False,False,False,True,True,False,False
88000.0,2024-01,2024,1,31,True,False,False,False,False,False,True,True,False,False
100000.0,2024-01,2024,1,31,False,False,True,False,False,False,True,True,False,False
200000.0,2024-01,2024,1,31,True,False,False,False,False,False,True,True,False,False
35000.0,2024-01,2024,1,31,True,False,False,False,False,False,True,True,False,False
60000.0,2024-01,2024,1,31,False,True,False,False,False,False,True,True,False,False
100000.0,2024-01,2024,1,31,True,False,False,False,False,False,True,False,True,False
100000.0,2024-01,2024,1,31,True,False,False,False,False,False,True,True,False,False
35000.0,2024-01,2024,1,31,True,False,False,False,False,False,True,False,True,False
100000.0,2024-01,2024,1,30,True,False,False,False,False,False,True,True,False,False
200000.0,2024-01,2024,1,30,True,False,False,False,False,False,True,False,True,False
100000.0,2024-01,2024,1,30,True,False,False,False,False,False,True,True,False,False
100000.0,2024-01,2024,1,29,True,False,False,False,False,False,True,False,True,False
35000.0,2024-01,2024,1,29,False,False,True,False,False,False,True,True,False,False
700000.0,2024-01,2024,1,29,True,False,False,False,False,False,True,True,False,False
26000.0,2024-01,2024,1,27,False,False,True,True,False,False,False,False,True,False
250000.0,2024-01,2024,1,27,True,False,False,False,False,False,True,True,False,False
60000.0,2024-01,2024,1,27,False,True,False,False,False,False,True,True,False,False
5000.0,2024-01,2024,1,27,True,False,False,False,False,False,True,True,False,False
27000.0,2024-01,2024,1,27,True,False,False,False,False,False,True,True,False,False
50000.0,2024-01,2024,1,26,False,True,False,False,False,False,True,True,False,False
120000.0,2024-01,2024,1,25,False,True,False,False,False,False,True,True,False,False
35000.0,2024-01,2024,1,24,False,False,True,False,False,False,True,True,False,False
1000.0,2024-01,2024,1,24,False,False,True,False,False,False,True,True,False,False
300000.0,2024-01,2024,1,24,True,False,False,False,False,False,True,True,False,False
115000.0,2024-01,2024,1,23,False,True,False,False,False,False,True,True,False,False
30000.0,2024-01,2024,1,22,True,False,False,False,False,False,True,True,False,False
4000.0,2024-01,2024,1,21,True,False,False,False,False,False,True,True,False,False
150000.0,2024-01,2024,1,21,True,False,False,False,False,False,True,True,False,False
259000.0,2024-01,2024,1,20,True,False,False,False,False,False,True,True,False,False
20000.0,2024-01,2024,1,20,False,False,True,True,False,False,False,True,False,False
20000.0,2024-01,2024,1,18,False,False,True,True,False,False,False,True,False,False
111000.0,2024-01,2024,1,18,False,True,False,False,False,False,True,True,False,False
20000.0,2024-01,2024,1,16,False,True,False,False,False,False,True,True,False,False
130000.0,2024-01,2024,1,16,False,True,False,False,False,False,True,True,False,False
30000.0,2024-01,2024,1,16,False,False,True,False,False,False,True,True,False,False
20000.0,2024-01,2024,1,16,False,False,True,True,False,False,False,True,False,False
35000.0,2024-01,2024,1,16,True,False,False,False,False,False,True,True,False,False
75000.0,2024-01,2024,1,15,False,True,False,False,False,False,True,True,False,False
900.0,2024-01,2024,1,14,True,False,False,False,False,False,True,True,False,False
30000.0,2024-01,2024,1,13,False,False,True,False,False,False,True,True,False,False
60000.0,2024-01,2024,1,13,True,False,False,False,False,False,True,True,False,False
20000.0,2024-01,2024,1,13,False,False,True,True,False,False,False,True,False,False
35000.0,2024-01,2024,1,12,False,False,True,False,False,False,True,True,False,False
99000.0,2024-01,2024,1,12,False,True,False,False,False,False,True,True,False,False
30000.0,2024-01,2024,1,12,False,True,False,False,False,False,True,True,False,False
10000.0,2024-01,2024,1,11,False,True,False,False,False,False,True,True,False,False
16000.0,2024-01,2024,1,11,False,False,True,True,False,False,False,False,True,False
5000.0,2024-01,2024,1,11,False,False,True,True,False,False,False,True,False,False
400000.0,2024-01,2024,1,11,True,False,False,False,False,False,True,True,False,False
10000.0,2024-01,2024,1,11,False,False,True,True,False,False,False,True,False,False
35000.0,2024-01,2024,1,11,False,False,True,False,True,False,False,True,False,False
35000.0,2024-01,2024,1,10,False,False,True,False,True,False,False,True,False,False
20000.0,2024-01,2024,1,10,False,False,True,False,False,False,True,True,False,False
200000.0,2024-01,2024,1,9,True,False,False,False,False,False,True,True,False,False
50220.0,2024-01,2024,1,9,False,False,True,False,False,False,True,True,False,False
20000.0,2024-01,2024,1,9,False,False,True,True,False,False,False,True,False,False
200000.0,2024-01,2024,1,9,True,False,False,False,False,False,True,False,True,False
35000.0,2024-01,2024,1,9,False,False,True,False,False,False,True,True,False,False
0.0,2024-01,2024,1,9,False,False,True,False,False,False,True,False,False,True
20000.0,2024-01,2024,1,9,False,False,True,True,False,False,False,True,False,False
280000.0,2024-01,2024,1,8,False,True,False,False,False,False,True,True,False,False
40000.0,2024-01,2024,1,8,True,False,False,False,False,False,True,True,False,False
25000.0,2024-01,2024,1,7,False,True,False,True,False,False,False,True,False,False
600000.0,2024-01,2024,1,7,True,False,False,False,False,False,True,True,False,False
15000.0,2024-01,2024,1,7,True,False,False,False,False,False,True,True,False,False
72000.0,2024-01,2024,1,7,True,False,False,False,False,False,True,True,False,False
20000.0,2024-01,2024,1,6,False,False,True,True,False,False,False,True,False,False
10000.0,2024-01,2024,1,6,False,False,True,True,False,False,False,True,False,False
20000.0,2024-01,2024,1,6,False,False,True,True,False,False,False,True,False,False
60000.0,2024-01,2024,1,4,False,True,False,False,False,False,True,True,False,False
20000.0,2024-01,2024,1,4,False,False,True,True,False,False,False,True,False,False
20000.0,2024-01,2024,1,2,False,False,True,True,False,False,False,True,False,False
50000.0,2024-01,2024,1,2,False,True,False,False,False,False,True,True,False,False
20000.0,2024-01,2024,1,2,False,False,True,False,False,False,True,True,False,False
10000.0,2024-01,2024,1,2,False,False,True,True,False,False,False,True,False,False
300000.0,2024-01,2024,1,1,False,True,False,False,False,False,True,True,False,False
350000.0,2024-01,2024,1,1,True,False,False,False,False,False,True,True,False,False
30000.0,2023-12,2023,12,30,False,True,False,False,False,False,True,True,False,False
30000.0,2023-12,2023,12,29,True,False,False,False,False,False,True,False,True,False
100000.0,2023-12,2023,12,29,False,True,False,False,False,False,True,True,False,False
0.0,2023-12,2023,12,29,False,False,True,True,False,False,False,False,False,True
10000.0,2023-12,2023,12,29,False,False,True,True,False,False,False,True,False,False
20000.0,2023-12,2023,12,29,False,False,True,True,False,False,False,True,False,False
35000.0,2023-12,2023,12,28,True,False,False,False,False,False,True,False,True,False
30000.0,2023-12,2023,12,28,False,True,False,False,False,False,True,True,False,False
20000.0,2023-12,2023,12,27,False,False,True,False,False,False,True,True,False,False
20000.0,2023-12,2023,12,27,False,False,True,True,False,False,False,True,False,False
35000.0,2023-12,2023,12,27,True,False,False,False,False,False,True,True,False,False
10000.0,2023-12,2023,12,27,False,False,True,True,False,False,False,True,False,False
30000.0,2023-12,2023,12,26,False,True,False,False,False,False,True,True,False,False
70000.0,2023-12,2023,12,26,False,True,False,False,False,False,True,True,False,False
45000.0,2023-12,2023,12,26,False,False,True,True,False,False,False,True,False,False
35000.0,2023-12,2023,12,26,False,True,False,False,False,False,True,True,False,False
70000.0,2023-12,2023,12,25,False,True,False,False,False,False,True,True,False,False
220000.0,2023-12,2023,12,25,False,True,False,False,False,False,True,True,False,False
20000.0,2023-12,2023,12,25,False,True,False,False,False,False,True,True,False,False
20000.0,2023-12,2023,12,25,False,True,False,False,False,False,True,True,False,False
60000.0,2023-12,2023,12,25,False,True,False,False,False,False,True,True,False,False
40000.0,2023-12,2023,12,25,False,True,False,False,False,False,True,True,False,False
187200.0,2023-12,2023,12,25,False,True,False,False,False,False,True,True,False,False
30000.0,2023-12,2023,12,25,False,False,True,False,False,False,True,False,True,False
30000.0,2023-12,2023,12,24,False,True,False,False,False,False,True,True,False,False
4000.0,2023-12,2023,12,24,False,True,False,False,False,False,True,True,False,False
10000.0,2023-12,2023,12,24,False,True,False,True,False,False,False,True,False,False
259000.0,2023-12,2023,12,23,True,False,False,False,False,False,True,True,False,False
60000.0,2023-12,2023,12,22,False,True,False,False,False,False,True,True,False,False
200000.0,2023-12,2023,12,22,True,False,False,True,False,False,False,False,True,False
700000.0,2023-12,2023,12,22,True,False,False,False,False,False,True,False,True,False
20000.0,2023-12,2023,12,22,False,False,True,False,False,False,True,True,False,False
170560.0,2023-12,2023,12,22,True,False,False,False,False,False,True,False,True,False
130000.0,2023-12,2023,12,22,False,True,False,False,False,False,True,True,False,False
40000.0,2023-12,2023,12,22,False,True,False,False,False,False,True,False,True,False
170000.0,2023-12,2023,12,22,False,True,False,False,False,False,True,True,False,False
376000.0,2023-12,2023,12,21,True,False,False,False,False,False,True,True,False,False
35000.0,2023-12,2023,12,21,True,False,False,False,False,False,True,True,False,False
83660.0,2023-12,2023,12,21,True,False,False,False,False,False,True,False,True,False
330000.0,2023-12,2023,12,20,False,True,False,False,False,False,True,True,False,False
55000.0,2023-12,2023,12,20,False,True,False,False,False,False,True,True,False,False
257899.99999999997,2023-12,2023,12,20,True,False,False,False,False,False,True,True,False,False
10000.0,2023-12,2023,12,20,False,False,True,True,False,False,False,True,False,False
20000.0,2023-12,2023,12,20,False,False,True,True,False,False,False,True,False,False
35000.0,2023-12,2023,12,20,False,True,False,False,False,False,True,True,False,False
3000.0,2023-12,2023,12,19,True,False,False,False,False,False,True,False,True,False
300000.0,2023-12,2023,12,18,False,False,True,True,False,False,False,False,True,False
2000.0,2023-12,2023,12,18,False,False,True,False,False,False,True,False,True,False
290000.0,2023-12,2023,12,18,False,True,False,False,False,False,True,True,False,False
295000.0,2023-12,2023,12,16,True,False,False,False,False,False,True,True,False,False
430000.0,2023-12,2023,12,16,False,False,True,False,False,False,True,True,False,False
20000.0,2023-12,2023,12,16,False,False,True,False,False,False,True,True,False,False
30000.0,2023-12,2023,12,15,False,True,False,True,False,False,False,False,True,False
40000.0,2023-12,2023,12,15,False,True,False,False,False,False,True,False,True,False
40000.0,2023-12,2023,12,15,False,True,False,False,False,False,True,True,False,False
105000.0,2023-12,2023,12,15,False,True,False,False,False,False,True,True,False,False
20000.0,2023-12,2023,12,15,False,False,True,True,False,False,False,True,False,False
70000.0,2023-12,2023,12,15,False,True,False,True,False,False,False,True,False,False
30000.0,2023-12,2023,12,14,False,True,False,False,False,False,True,True,False,False
520000.0,2023-12,2023,12,13,True,False,False,False,False,False,True,True,False,False
10000.0,2023-12,2023,12,13,False,False,True,True,False,False,False,True,False,False
10000.0,2023-12,2023,12,13,False,False,True,True,False,False,False,True,False,False
20000.0,2023-12,2023,12,13,False,False,True,True,False,False,False,True,False,False
20000.0,2023-12,2023,12,12,False,False,True,True,False,False,False,True,False,False
10000.0,2023-12,2023,12,12,False,False,True,True,False,False,False,True,False,False
2000.0,2023-12,2023,12,11,False,False,True,False,False,False,True,True,False,False
30000.0,2023-12,2023,12,11,False,True,False,False,False,False,True,True,False,False
20000.0,2023-12,2023,12,11,False,False,True,False,False,False,True,True,False,False
30000.0,2023-12,2023,12,10,False,True,False,False,False,False,True,True,False,False
130000.0,2023-12,2023,12,9,False,True,False,False,False,False,True,True,False,False
25000.0,2023-12,2023,12,9,True,False,False,False,False,False,True,False,True,False
2000.0,2023-12,2023,12,9,False,False,True,False,True,False,False,True,False,False
20000.0,2023-12,2023,12,9,False,False,True,True,False,False,False,True,False,False
70000.0,2023-12,2023,12,8,False,True,False,False,False,False,True,True,False,False
5000.0,2023-12,2023,12,8,False,False,True,False,False,False,True,True,False,False
10000.0,2023-12,2023,12,8,True,False,False,False,False,False,True,True,False,False
15000.0,2023-12,2023,12,8,False,True,False,False,False,False,True,True,False,False
95000.0,2023-12,2023,12,8,False,False,True,True,False,False,False,False,True,False
20000.0,2023-12,2023,12,7,False,False,True,False,False,False,True,True,False,False
500000.0,2023-12,2023,12,7,False,False,True,False,False,False,True,True,False,False
20000.0,2023-12,2023,12,7,False,False,True,True,False,False,False,True,False,False
20000.0,2023-12,2023,12,7,False,False,True,True,False,False,False,True,False,False
10000.0,2023-12,2023,12,7,False,False,True,True,False,False,False,True,False,False
10000.0,2023-12,2023,12,6,False,False,True,True,False,False,False,True,False,False
0.0,2023-12,2023,12,6,False,False,True,False,False,False,True,False,False,True
20000.0,2023-12,2023,12,6,False,False,True,False,False,False,True,True,False,False
80000.0,2023-12,2023,12,6,False,False,True,True,False,False,False,False,True,False
20000.0,2023-12,2023,12,6,False,False,True,True,False,False,False,True,False,False
10000.0,2023-12,2023,12,6,False,False,True,True,False,False,False,True,False,False
10000.0,2023-12,2023,12,5,False,False,True,True,False,False,False,True,False,False
20000.0,2023-12,2023,12,5,False,False,True,True,False,False,False,True,False,False
75000.0,2023-12,2023,12,4,False,True,False,False,False,False,True,True,False,False
50000.0,2023-12,2023,12,4,False,True,False,False,False,False,True,True,False,False
10000.0,2023-12,2023,12,4,False,False,True,True,False,False,False,True,False,False
20000.0,2023-12,2023,12,4,False,False,True,False,False,False,True,True,False,False
10000.0,2023-12,2023,12,2,False,False,True,True,False,False,False,True,False,False
35000.0,2023-12,2023,12,2,False,False,True,False,True,False,False,True,False,False
20000.0,2023-12,2023,12,1,False,False,True,True,False,False,False,True,False,False
10000.0,2023-12,2023,12,1,False,False,True,True,False,False,False,True,False,False
220000.0,2023-12,2023,12,1,True,False,False,False,False,False,True,False,True,False
35000.0,2023-12,2023,12,1,False,False,True,False,True,False,False,True,False,False
35000.0,2023-11,2023,11,29,False,False,True,False,True,False,False,True,False,False
35000.0,2023-11,2023,11,29,False,False,True,False,True,False,False,True,False,False
20000.0,2023-11,2023,11,29,False,False,True,True,False,False,False,True,False,False
520000.0,2023-11,2023,11,29,False,True,False,False,False,False,True,True,False,False
140000.0,2023-11,2023,11,29,False,True,False,False,False,False,True,True,False,False
552000.0,2023-11,2023,11,29,False,True,False,False,False,False,True,True,False,False
35000.0,2023-11,2023,11,29,True,False,False,False,False,False,True,True,False,False
35000.0,2023-11,2023,11,29,False,False,True,False,False,False,True,False,True,False
20000.0,2023-11,2023,11,29,True,False,False,False,False,False,True,True,False,False
20000.0,2023-11,2023,11,28,False,False,True,True,False,False,False,True,False,False
20000.0,2023-11,2023,11,28,False,True,False,False,False,False,True,True,False,False
35000.0,2023-11,2023,11,27,False,False,True,False,True,False,False,True,False,False
10000.0,2023-11,2023,11,26,False,False,True,True,False,False,False,True,False,False
30000.0,2023-11,2023,11,26,False,True,False,False,False,False,True,True,False,False
4000.0,2023-11,2023,11,26,True,False,False,False,False,False,True,True,False,False
20000.0,2023-11,2023,11,25,False,False,True,True,False,False,False,True,False,False
19200.0,2023-11,2023,11,25,False,False,True,False,False,False,True,True,False,False
800000.0,2023-11,2023,11,25,True,False,False,False,False,False,True,True,False,False
35000.0,2023-11,2023,11,24,False,True,False,False,False,False,True,True,False,False
10000.0,2023-11,2023,11,23,False,False,True,True,False,False,False,True,False,False
35000.0,2023-11,2023,11,23,False,False,True,False,True,False,False,True,False,False
50000.0,2023-11,2023,11,23,True,False,False,False,False,False,True,True,False,False
0.0,2023-11,2023,11,22,False,False,True,False,False,False,True,False,False,True
35000.0,2023-11,2023,11,22,False,False,True,False,True,False,False,True,False,False
10000.0,2023-11,2023,11,22,False,False,True,True,False,False,False,True,False,False
46000.0,2023-11,2023,11,21,True,False,False,False,False,False,True,True,False,False
30000.0,2023-11,2023,11,21,False,True,False,False,False,False,True,True,False,False
10000.0,2023-11,2023,11,21,False,False,True,True,False,False,False,True,False,False
200000.0,2023-11,2023,11,21,True,False,False,False,False,False,True,True,False,False
35000.0,2023-11,2023,11,21,False,False,True,False,True,False,False,True,False,False
259000.0,2023-11,2023,11,21,True,False,False,False,False,False,True,True,False,False
10000.0,2023-11,2023,11,20,False,False,True,True,False,False,False,True,False,False
50000.0,2023-11,2023,11,20,True,False,False,True,False,False,False,True,False,False
35000.0,2023-11,2023,11,20,False,False,True,False,True,False,False,True,False,False
20000.0,2023-11,2023,11,19,False,False,True,True,False,False,False,False,True,False
430000.0,2023-11,2023,11,18,False,False,True,False,False,False,True,True,False,False
20000.0,2023-11,2023,11,18,False,False,True,True,False,False,False,True,False,False
10000.0,2023-11,2023,11,18,False,False,True,True,False,False,False,True,False,False
0.0,2023-11,2023,11,17,False,False,True,False,False,False,True,False,False,True
153000.0,2023-11,2023,11,17,True,False,False,False,False,False,True,True,False,False
10000.0,2023-11,2023,11,17,False,False,True,True,False,False,False,True,False,False
35000.0,2023-11,2023,11,17,False,False,True,False,True,False,False,True,False,False
35000.0,2023-11,2023,11,16,False,False,True,False,True,False,False,True,False,False
10000.0,2023-11,2023,11,16,False,False,True,True,False,False,False,True,False,False
20000.0,2023-11,2023,11,16,False,False,True,True,False,False,False,True,False,False
35000.0,2023-11,2023,11,16,False,False,True,False,True,False,False,True,False,False
0.0,2023-11,2023,11,16,False,False,True,False,False,False,True,False,False,True
35000.0,2023-11,2023,11,15,False,False,True,False,False,False,True,True,False,False
13200.0,2023-11,2023,11,14,False,False,True,False,False,False,True,False,True,False
20000.0,2023-11,2023,11,14,False,False,True,True,False,False,False,True,False,False
20000.0,2023-11,2023,11,14,False,False,True,True,False,False,False,True,False,False
100000.0,2023-11,2023,11,13,True,False,False,False,False,False,True,True,False,False
35000.0,2023-11,2023,11,13,False,False,True,False,False,False,True,True,False,False
70000.0,2023-11,2023,11,12,False,True,False,False,False,False,True,True,False,False
35000.0,2023-11,2023,11,12,True,False,False,False,False,False,True,True,False,False
35000.0,2023-11,2023,11,12,True,False,False,False,False,False,True,True,False,False
105000.0,2023-11,2023,11,11,False,True,False,False,False,False,True,True,False,False
140000.0,2023-11,2023,11,11,False,True,False,False,False,False,True,True,False,False
10000.0,2023-11,2023,11,11,False,False,True,True,False,False,False,True,False,False
20000.0,2023-11,2023,11,11,False,False,True,True,False,False,False,True,False,False
150000.0,2023-11,2023,11,10,True,False,False,False,False,False,True,True,False,False
10000.0,2023-11,2023,11,10,False,False,True,True,False,False,False,True,False,False
35000.0,2023-11,2023,11,10,False,False,True,False,True,False,False,True,False,False
35000.0,2023-11,2023,11,10,False,False,True,False,True,False,False,True,False,False
35000.0,2023-11,2023,11,9,False,False,True,False,True,False,False,True,False,False
35000.0,2023-11,2023,11,9,False,False,True,False,True,False,False,True,False,False
10000.0,2023-11,2023,11,9,False,False,True,True,False,False,False,True,False,False
35000.0,2023-11,2023,11,8,False,False,True,False,True,False,False,True,False,False
35000.0,2023-11,2023,11,8,False,False,True,False,True,False,False,True,False,False
220000.0,2023-11,2023,11,8,True,False,False,False,False,False,True,True,False,False
10000.0,2023-11,2023,11,8,False,True,False,False,False,False,True,True,False,False
0.0,2023-11,2023,11,8,False,False,True,False,False,False,True,False,False,True
35000.0,2023-11,2023,11,7,False,False,True,False,True,False,False,True,False,False
774000.0,2023-11,2023,11,7,True,False,False,False,False,False,True,True,False,False
35000.0,2023-11,2023,11,7,False,False,True,False,True,False,False,True,False,False
44000.0,2023-11,2023,11,7,False,False,True,False,False,False,True,True,False,False
35000.0,2023-11,2023,11,6,False,False,True,False,True,False,False,True,False,False
25000.0,2023-11,2023,11,5,True,False,False,False,False,False,True,True,False,False
30000.0,2023-11,2023,11,5,False,False,True,False,False,False,True,True,False,False
140000.0,2023-11,2023,11,4,False,True,False,False,False,False,True,True,False,False
385000.0,2023-11,2023,11,4,True,False,False,False,False,False,True,True,False,False
650000.0,2023-11,2023,11,4,False,True,False,False,False,False,True,True,False,False
35000.0,2023-11,2023,11,3,True,False,False,False,False,False,True,False,True,False
104000.0,2023-11,2023,11,3,True,False,False,False,False,False,True,True,False,False
35000.0,2023-11,2023,11,3,False,False,True,False,True,False,False,True,False,False
35000.0,2023-11,2023,11,2,True,False,False,False,False,False,True,True,False,False
35000.0,2023-11,2023,11,2,False,False,True,False,True,False,False,True,False,False
35000.0,2023-11,2023,11,1,True,False,False,False,False,False,True,True,False,False
520000.0,2023-11,2023,11,1,False,True,False,False,False,False,True,True,False,False
0.0,2023-11,2023,11,1,False,False,True,False,False,False,True,False,False,True
35000.0,2023-11,2023,11,1,False,False,True,False,True,False,False,True,False,False
10000.0,2023-11,2023,11,1,False,False,True,True,False,False,False,True,False,False
10000.0,2023-11,2023,11,1,False,False,True,True,False,False,False,True,False,False
4000.0,2023-11,2023,11,1,True,False,False,False,False,False,True,True,False,False
35000.0,2023-10,2023,10,31,True,False,False,False,False,False,True,False,True,False
10000.0,2023-10,2023,10,31,False,False,True,True,False,False,False,True,False,False
35000.0,2023-10,2023,10,31,False,False,True,False,True,False,False,True,False,False
20000.0,2023-10,2023,10,30,False,False,True,True,False,False,False,True,False,False
20000.0,2023-10,2023,10,30,False,False,True,True,False,False,False,True,False,False
30000.0,2023-10,2023,10,28,False,True,False,False,False,False,True,True,False,False
35000.0,2023-10,2023,10,27,False,False,True,False,True,False,False,True,False,False
10000.0,2023-10,2023,10,27,False,False,True,True,False,False,False,True,False,False
0.0,2023-10,2023,10,27,False,False,True,False,False,False,True,False,False,True
35000.0,2023-10,2023,10,26,False,False,True,False,True,False,False,True,False,False
10000.0,2023-10,2023,10,26,False,False,True,True,False,False,False,True,False,False
200000.0,2023-10,2023,10,26,True,False,False,False,False,False,True,True,False,False
10000.0,2023-10,2023,10,26,False,False,True,True,False,False,False,True,False,False
35000.0,2023-10,2023,10,25,False,False,True,False,True,False,False,True,False,False
44000.0,2023-10,2023,10,25,False,False,True,True,False,False,False,True,False,False
60000.0,2023-10,2023,10,25,True,False,False,False,False,False,True,True,False,False
470820.0,2023-10,2023,10,25,True,False,False,False,False,False,True,True,False,False
600000.0,2023-10,2023,10,25,True,False,False,False,False,False,True,False,True,False
356000.0,2023-10,2023,10,24,False,True,False,False,False,False,True,True,False,False
200000.0,2023-10,2023,10,24,True,False,False,False,False,False,True,False,True,False
140000.0,2023-10,2023,10,24,False,True,False,False,False,False,True,True,False,False
440000.0,2023-10,2023,10,24,False,False,True,False,False,False,True,True,False,False
40000.0,2023-10,2023,10,24,True,False,False,False,False,False,True,True,False,False
74000.0,2023-10,2023,10,23,False,False,True,False,False,False,True,True,False,False
10000.0,2023-10,2023,10,23,True,False,False,False,False,False,True,True,False,False
160000.0,2023-10,2023,10,22,False,True,False,False,False,False,True,True,False,False
60000.0,2023-10,2023,10,22,True,False,False,False,False,False,True,False,True,False
259000.0,2023-10,2023,10,22,True,False,False,False,False,False,True,True,False,False
30000.0,2023-10,2023,10,22,False,False,True,True,False,False,False,True,False,False
20000.0,2023-10,2023,10,22,False,False,True,True,False,False,False,True,False,False
30000.0,2023-10,2023,10,22,False,True,False,False,False,False,True,True,False,False
50000.0,2023-10,2023,10,22,True,False,False,True,False,False,False,True,False,False
30000.0,2023-10,2023,10,21,False,True,False,True,False,False,False,True,False,False
20000.0,2023-10,2023,10,21,False,False,True,True,False,False,False,True,False,False
30000.0,2023-10,2023,10,20,False,False,True,True,False,False,False,True,False,False
10000.0,2023-10,2023,10,20,False,False,True,False,True,False,False,True,False,False
35000.0,2023-10,2023,10,20,False,False,True,False,True,False,False,True,False,False
35000.0,2023-10,2023,10,20,False,False,True,False,True,False,False,True,False,False
30000.0,2023-10,2023,10,20,False,False,True,True,False,False,False,True,False,False
45000.0,2023-10,2023,10,19,False,False,True,False,True,False,False,True,False,False
35000.0,2023-10,2023,10,19,False,False,True,False,True,False,False,True,False,False
0.0,2023-10,2023,10,18,False,False,True,False,False,False,True,False,False,True
30000.0,2023-10,2023,10,18,False,True,False,True,False,False,False,True,False,False
0.0,2023-10,2023,10,18,False,False,True,False,False,False,True,False,False,True
10000.0,2023-10,2023,10,18,False,False,True,True,False,False,False,True,False,False
35000.0,2023-10,2023,10,18,False,False,True,False,True,False,False,True,False,False
20000.0,2023-10,2023,10,18,False,False,True,False,False,False,True,False,True,False
0.0,2023-10,2023,10,18,False,False,True,False,False,False,True,False,False,True
111000.0,2023-10,2023,10,17,True,False,False,False,False,False,True,True,False,False
10000.0,2023-10,2023,10,17,False,False,True,True,False,False,False,True,False,False
10000.0,2023-10,2023,10,17,False,False,True,True,False,False,False,True,False,False
35000.0,2023-10,2023,10,17,False,False,True,False,False,False,True,True,False,False
35000.0,2023-10,2023,10,17,True,False,False,False,False,False,True,True,False,False
35000.0,2023-10,2023,10,17,True,False,False,False,False,False,True,True,False,False
35000.0,2023-10,2023,10,16,True,False,False,False,False,False,True,False,True,False
35000.0,2023-10,2023,10,15,False,False,True,False,False,False,True,True,False,False
8000.0,2023-10,2023,10,15,False,False,True,True,False,False,False,False,True,False
20000.0,2023-10,2023,10,6,False,False,True,True,False,False,False,True,False,False
20000.0,2023-10,2023,10,6,False,False,True,True,False,False,False,True,False,False
20000.0,2023-10,2023,10,5,False,False,True,True,False,False,False,True,False,False
90000.0,2023-10,2023,10,5,True,False,False,True,False,False,False,False,True,False
20000.0,2023-10,2023,10,3,False,False,True,True,False,False,False,True,False,False
10000.0,2023-10,2023,10,3,False,False,True,True,False,False,False,True,False,False
500000.0,2023-09,2023,9,30,True,False,False,False,False,False,True,True,False,False
55000.0,2023-09,2023,9,30,False,True,False,False,False,False,True,True,False,False
30000.0,2023-09,2023,9,29,False,False,True,True,False,False,False,True,False,False
500000.0,2023-09,2023,9,28,True,False,False,False,False,False,True,True,False,False
70000.0,2023-09,2023,9,28,False,True,False,False,False,False,True,True,False,False
4000.0,2023-09,2023,9,28,False,False,True,True,False,False,False,True,False,False
35000.0,2023-09,2023,9,28,True,False,False,False,False,False,True,True,False,False
20000.0,2023-09,2023,9,28,True,False,False,True,False,False,False,True,False,False
20000.0,2023-09,2023,9,27,False,False,True,True,False,False,False,True,False,False
40000.0,2023-09,2023,9,27,True,False,False,False,False,False,True,True,False,False
3000.0,2023-09,2023,9,25,True,False,False,False,False,False,True,False,True,False
25000.0,2023-09,2023,9,25,False,True,False,False,False,False,True,True,False,False
20000.0,2023-09,2023,9,25,False,True,False,False,False,False,True,True,False,False
20000.0,2023-09,2023,9,25,False,False,True,False,False,False,True,True,False,False
10000.0,2023-09,2023,9,25,False,False,True,True,False,False,False,True,False,False
259000.0,2023-09,2023,9,23,True,False,False,False,False,False,True,True,False,False
20000.0,2023-09,2023,9,23,False,False,True,False,False,False,True,True,False,False
40000.0,2023-09,2023,9,23,False,False,True,True,False,False,False,True,False,False
20000.0,2023-09,2023,9,23,False,False,True,True,False,False,False,True,False,False
10000.0,2023-09,2023,9,23,False,False,True,True,False,False,False,True,False,False
50000.0,2023-09,2023,9,23,True,False,False,False,False,False,True,True,False,False
20000.0,2023-09,2023,9,22,False,False,True,True,False,False,False,True,False,False
35000.0,2023-09,2023,9,21,False,False,True,False,False,False,True,False,True,False
20000.0,2023-09,2023,9,20,False,False,True,True,False,False,False,True,False,False
5000.0,2023-09,2023,9,19,True,False,False,False,False,False,True,True,False,False
20000.0,2023-09,2023,9,19,False,False,True,True,False,False,False,True,False,False
10000.0,2023-09,2023,9,19,False,False,True,True,False,False,False,True,False,False
25000.0,2023-09,2023,9,18,True,False,False,True,False,False,False,True,False,False
30000.0,2023-09,2023,9,16,False,True,False,False,False,False,True,True,False,False
100000.0,2023-09,2023,9,15,False,True,False,True,False,False,False,True,False,False
45000.0,2023-09,2023,9,15,False,False,True,True,False,False,False,True,False,False
0.0,2023-09,2023,9,15,False,False,True,False,False,False,True,False,False,True
30000.0,2023-09,2023,9,15,False,True,False,False,False,False,True,False,True,False
10000.0,2023-09,2023,9,15,False,False,True,False,False,False,True,True,False,False
60000.0,2023-09,2023,9,15,False,True,False,False,False,False,True,True,False,False
10000.0,2023-09,2023,9,14,False,False,True,True,False,False,False,True,False,False
30000.0,2023-09,2023,9,14,False,False,True,False,False,False,True,True,False,False
30000.0,2023-09,2023,9,14,False,True,False,False,False,False,True,True,False,False
56000.0,2023-09,2023,9,14,True,False,False,False,False,False,True,True,False,False
10000.0,2023-09,2023,9,14,False,False,True,True,False,False,False,True,False,False
20000.0,2023-09,2023,9,13,False,False,True,True,False,False,False,True,False,False
20000.0,2023-09,2023,9,11,False,False,True,True,False,False,False,True,False,False
10000.0,2023-09,2023,9,11,False,False,True,True,False,False,False,True,False,False
20000.0,2023-09,2023,9,11,False,False,True,True,False,False,False,True,False,False
140000.0,2023-09,2023,9,10,False,True,False,False,False,False,True,True,False,False
20000.0,2023-09,2023,9,9,False,False,True,True,False,False,False,True,False,False
64000.0,2023-09,2023,9,8,False,False,True,False,False,False,True,True,False,False
0.0,2023-09,2023,9,8,False,False,True,False,False,False,True,False,False,True
20000.0,2023-09,2023,9,8,False,False,True,True,False,False,False,True,False,False
10000.0,2023-09,2023,9,8,False,False,True,True,False,False,False,True,False,False
30000.0,2023-09,2023,9,7,False,True,False,True,False,False,False,True,False,False
10000.0,2023-09,2023,9,6,False,False,True,True,False,False,False,True,False,False
20000.0,2023-09,2023,9,6,False,False,True,True,False,False,False,True,False,False
35000.0,2023-09,2023,9,6,False,False,True,False,False,False,True,False,True,False
10000.0,2023-08,2023,8,23,False,False,True,True,False,False,False,True,False,False
20000.0,2023-08,2023,8,22,False,False,True,True,False,False,False,True,False,False
430000.0,2023-08,2023,8,21,False,False,True,True,False,False,False,True,False,False
20000.0,2023-08,2023,8,21,False,False,True,True,False,False,False,True,False,False
30000.0,2023-08,2023,8,21,False,False,True,True,False,False,False,True,False,False
20000.0,2023-08,2023,8,21,False,False,True,True,False,False,False,True,False,False
50000.0,2023-08,2023,8,21,True,False,False,True,False,False,False,False,True,False
10000.0,2023-08,2023,8,18,True,False,False,True,False,False,False,True,False,False
20000.0,2023-08,2023,8,18,False,False,True,True,False,False,False,True,False,False
600000.0,2023-08,2023,8,18,True,False,False,True,False,False,False,False,True,False
10000.0,2023-08,2023,8,18,False,False,True,True,False,False,False,True,False,False
20000.0,2023-08,2023,8,17,False,False,True,True,False,False,False,True,False,False
20000.0,2023-08,2023,8,17,True,False,False,False,False,False,True,True,False,False
50000.0,2023-08,2023,8,16,True,False,False,False,False,False,True,True,False,False
40000.0,2023-08,2023,8,16,False,True,False,False,False,False,True,True,False,False
50000.0,2023-08,2023,8,16,True,False,False,False,False,False,True,False,True,False
60000.0,2023-08,2023,8,16,False,True,False,False,False,False,True,True,False,False
20000.0,2023-08,2023,8,16,False,False,True,True,False,False,False,True,False,False
20000.0,2023-08,2023,8,16,False,False,True,True,False,False,False,True,False,False
20000.0,2023-08,2023,8,16,False,False,True,True,False,False,False,True,False,False
10000.0,2023-08,2023,8,15,False,False,True,True,False,False,False,True,False,False
10000.0,2023-08,2023,8,14,False,False,True,True,False,False,False,True,False,False
15000.0,2023-08,2023,8,14,False,True,False,False,False,False,True,True,False,False
20000.0,2023-08,2023,8,14,False,False,True,True,False,False,False,True,False,False
10000.0,2023-08,2023,8,12,False,False,True,True,False,False,False,True,False,False
20000.0,2023-08,2023,8,11,False,False,True,True,False,False,False,True,False,False
200000.0,2023-08,2023,8,10,False,False,True,True,False,False,False,False,True,False
20000.0,2023-08,2023,8,10,False,False,True,True,False,False,False,True,False,False
20000.0,2023-08,2023,8,9,False,False,True,True,False,False,False,True,False,False
30000.0,2023-08,2023,8,8,False,True,False,False,False,False,True,True,False,False
20000.0,2023-08,2023,8,8,False,False,True,True,False,False,False,True,False,False
10000.0,2023-08,2023,8,7,False,False,True,True,False,False,False,True,False,False
20000.0,2023-08,2023,8,5,False,False,True,False,False,False,True,True,False,False
40000.0,2023-08,2023,8,5,False,False,True,True,False,False,False,True,False,False
20000.0,2023-08,2023,8,4,False,True,False,False,False,False,True,True,False,False
10000.0,2023-08,2023,8,4,False,False,True,True,False,False,False,True,False,False
470000.0,2023-08,2023,8,2,True,False,False,False,False,False,True,True,False,False
10000.0,2023-07,2023,7,31,False,False,True,False,False,False,True,True,False,False
20000.0,2023-07,2023,7,31,False,False,True,True,False,False,False,True,False,False
10000.0,2023-07,2023,7,31,False,False,True,True,False,False,False,True,False,False
120000.0,2023-07,2023,7,29,False,True,False,False,False,False,True,True,False,False
30000.0,2023-07,2023,7,28,False,False,True,True,False,False,False,True,False,False
10000.0,2023-07,2023,7,28,False,False,True,True,False,False,False,True,False,False
10000.0,2023-07,2023,7,28,False,False,True,True,False,False,False,True,False,False
10000.0,2023-07,2023,7,27,False,False,True,True,False,False,False,True,False,False
20000.0,2023-07,2023,7,24,False,False,True,True,False,False,False,True,False,False
100000.0,2023-07,2023,7,24,False,False,True,True,False,False,False,False,True,False
20000.0,2023-07,2023,7,23,True,False,False,True,False,False,False,True,False,False
5000.0,2023-07,2023,7,22,True,False,False,False,False,False,True,True,False,False
259000.0,2023-07,2023,7,21,True,False,False,False,False,False,True,True,False,False
10000.0,2023-07,2023,7,19,False,False,True,True,False,False,False,True,False,False
10000.0,2023-07,2023,7,19,False,False,True,True,False,False,False,True,False,False
35000.0,2023-07,2023,7,18,False,False,True,False,False,False,True,False,True,False
48000.0,2023-07,2023,7,18,True,False,False,False,False,False,True,True,False,False
20000.0,2023-07,2023,7,14,False,False,True,True,False,False,False,True,False,False
80000.0,2023-07,2023,7,14,False,True,False,False,False,False,True,True,False,False
10000.0,2023-07,2023,7,13,False,False,True,False,False,False,True,True,False,False
95000.0,2023-07,2023,7,13,False,False,True,False,True,False,False,True,False,False
10000.0,2023-07,2023,7,13,True,False,False,False,False,False,True,True,False,False
10000.0,2023-07,2023,7,12,False,False,True,True,False,False,False,True,False,False
20000.0,2023-07,2023,7,12,False,True,False,True,False,False,False,True,False,False
50000.0,2023-07,2023,7,12,False,True,False,False,False,False,True,True,False,False
20000.0,2023-07,2023,7,12,False,False,True,True,False,False,False,True,False,False
20000.0,2023-07,2023,7,10,False,False,True,True,False,False,False,True,False,False
10000.0,2023-07,2023,7,5,False,False,True,True,False,False,False,True,False,False
20000.0,2023-07,2023,7,5,False,False,True,True,False,False,False,True,False,False
210000.0,2023-07,2023,7,4,False,False,True,True,False,False,False,False,True,False
10000.0,2023-07,2023,7,4,True,False,False,False,False,False,True,True,False,False
84000.0,2023-07,2023,7,4,False,False,True,False,False,False,True,False,True,False
60000.0,2023-06,2023,6,13,False,True,False,False,False,False,True,True,False,False
20000.0,2023-06,2023,6,12,False,True,False,False,False,False,True,True,False,False
35000.0,2023-06,2023,6,11,True,False,False,False,False,False,True,True,False,False
180000.0,2023-06,2023,6,10,True,False,False,False,False,False,True,True,False,False
0.0,2023-06,2023,6,10,False,False,True,False,False,False,True,False,False,True
35000.0,2023-06,2023,6,10,True,False,False,False,False,False,True,False,True,False
10000.0,2023-06,2023,6,10,False,False,True,True,False,False,False,True,False,False
10000.0,2023-06,2023,6,9,False,False,True,True,False,False,False,True,False,False
3000.0,2023-06,2023,6,9,False,False,True,True,False,False,False,False,True,False
20000.0,2023-06,2023,6,9,False,False,True,True,False,False,False,True,False,False
50000.0,2023-06,2023,6,9,False,False,True,True,False,False,False,True,False,False
10000.0,2023-06,2023,6,8,False,False,True,True,False,False,False,True,False,False
20000.0,2023-06,2023,6,7,False,True,False,False,False,False,True,True,False,False
800000.0,2023-06,2023,6,7,True,False,False,False,False,False,True,True,False,False
20000.0,2023-06,2023,6,7,False,False,True,True,False,False,False,True,False,False
360000.0,2023-06,2023,6,7,True,False,False,False,False,False,True,True,False,False
0.0,2023-06,2023,6,6,False,False,True,False,False,False,True,False,False,True
60000.0,2023-06,2023,6,6,False,False,True,True,False,False,False,True,False,False
100000.0,2023-06,2023,6,6,False,False,True,True,False,False,False,True,False,False
20000.0,2023-06,2023,6,6,False,False,True,False,False,False,True,True,False,False
20000.0,2023-06,2023,6,5,False,False,True,False,False,False,True,True,False,False
10000.0,2023-06,2023,6,5,False,True,False,False,False,False,True,True,False,False
25000.0,2023-06,2023,6,5,False,True,False,False,False,False,True,True,False,False
20000.0,2023-06,2023,6,5,False,False,True,False,False,False,True,True,False,False
40000.0,2023-06,2023,6,4,False,False,True,False,False,False,True,True,False,False
20000.0,2023-06,2023,6,3,False,True,False,False,False,False,True,True,False,False
20000.0,2023-06,2023,6,3,False,True,False,False,False,False,True,True,False,False
30000.0,2023-06,2023,6,2,False,False,True,True,False,False,False,True,False,False
10000.0,2023-06,2023,6,1,False,False,True,True,False,False,False,True,False,False
53270.0,2023-06,2023,6,1,True,False,False,False,False,False,True,True,False,False
10000.0,2023-05,2023,5,31,False,False,True,True,False,False,False,True,False,False
20000.0,2023-05,2023,5,31,False,False,True,True,False,False,False,True,False,False
20000.0,2023-05,2023,5,30,False,False,True,True,False,False,False,True,False,False
10000.0,2023-05,2023,5,30,False,False,True,True,False,False,False,True,False,False
20000.0,2023-05,2023,5,29,False,True,False,False,False,False,True,True,False,False
20000.0,2023-05,2023,5,29,False,False,True,False,False,False,True,True,False,False
7000.0,2023-05,2023,5,28,False,False,True,True,False,False,False,False,True,False
153000.0,2023-05,2023,5,28,False,False,True,True,False,False,False,False,True,False
35000.0,2023-05,2023,5,28,True,False,False,False,False,False,True,True,False,False
30000.0,2023-05,2023,5,27,False,True,False,False,False,False,True,True,False,False
35000.0,2023-05,2023,5,26,False,False,True,False,False,False,True,True,False,False
10000.0,2023-05,2023,5,25,False,False,True,True,False,False,False,True,False,False
20000.0,2023-05,2023,5,25,False,False,True,True,False,False,False,True,False,False
25000.0,2023-05,2023,5,24,False,True,False,False,False,False,True,True,False,False
20000.0,2023-05,2023,5,24,False,False,True,True,False,False,False,True,False,False
50000.0,2023-05,2023,5,23,False,False,True,True,False,False,False,True,False,False
10000.0,2023-05,2023,5,23,False,False,True,True,False,False,False,True,False,False
10000.0,2023-05,2023,5,23,False,False,True,True,False,False,False,True,False,False
10000.0,2023-05,2023,5,23,False,False,True,True,False,False,False,True,False,False
259000.0,2023-05,2023,5,21,True,False,False,False,False,False,True,True,False,False
150000.0,2023-05,2023,5,20,False,False,True,False,False,False,True,False,True,False
100000.0,2023-05,2023,5,20,False,True,False,False,False,False,True,True,False,False
30000.0,2023-05,2023,5,20,False,True,False,False,False,False,True,True,False,False
35000.0,2023-05,2023,5,20,False,False,True,False,False,False,True,False,True,False
10000.0,2023-05,2023,5,20,False,False,True,True,False,False,False,True,False,False
430000.0,2023-05,2023,5,19,False,False,True,True,False,False,False,True,False,False
0.0,2023-05,2023,5,19,False,False,True,False,False,False,True,False,False,True
75000.0,2023-05,2023,5,18,False,True,False,False,False,False,True,True,False,False
35000.0,2023-05,2023,5,18,False,False,True,False,True,False,False,True,False,False
30000.0,2023-05,2023,5,18,False,True,False,True,False,False,False,True,False,False
10000.0,2023-05,2023,5,18,False,False,True,True,False,False,False,True,False,False
0.0,2023-05,2023,5,18,False,False,True,False,False,False,True,False,False,True
30000.0,2023-05,2023,5,17,False,False,True,True,False,False,False,True,False,False
20000.0,2023-05,2023,5,16,False,False,True,True,False,False,False,True,False,False
30000.0,2023-05,2023,5,16,False,True,False,True,False,False,False,True,False,False
30000.0,2023-05,2023,5,14,False,False,True,True,False,False,False,False,True,False
631000.0,2023-05,2023,5,14,False,False,True,False,False,False,True,True,False,False
35000.0,2023-05,2023,5,13,False,False,True,False,False,False,True,False,True,False
40000.0,2023-05,2023,5,13,False,True,False,False,False,False,True,True,False,False
10000.0,2023-05,2023,5,13,False,True,False,False,False,False,True,True,False,False
20000.0,2023-05,2023,5,13,False,False,True,True,False,False,False,True,False,False
20000.0,2023-05,2023,5,12,False,False,True,False,False,False,True,True,False,False
20000.0,2023-05,2023,5,11,False,False,True,True,False,False,False,True,False,False
20000.0,2023-05,2023,5,10,False,False,True,True,False,False,False,True,False,False
15000.0,2023-05,2023,5,10,False,True,False,True,False,False,False,True,False,False
10000.0,2023-05,2023,5,9,False,False,True,True,False,False,False,True,False,False
40000.0,2023-05,2023,5,9,False,False,True,True,False,False,False,False,True,False
10000.0,2023-05,2023,5,9,False,False,True,True,False,False,False,True,False,False
10000.0,2023-05,2023,5,8,False,False,True,True,False,False,False,True,False,False
20000.0,2023-05,2023,5,8,False,False,True,True,False,False,False,True,False,False
8000.0,2023-05,2023,5,7,True,False,False,False,False,False,True,True,False,False
30000.0,2023-05,2023,5,7,False,True,False,False,False,False,True,True,False,False
10000.0,2023-05,2023,5,6,False,False,True,True,False,False,False,True,False,False
20000.0,2023-05,2023,5,6,False,False,True,True,False,False,False,True,False,False
50430.0,2023-05,2023,5,5,True,False,False,False,False,False,True,False,True,False
40000.0,2023-05,2023,5,5,False,True,False,True,False,False,False,False,True,False
70000.0,2023-05,2023,5,5,False,True,False,False,False,False,True,True,False,False
20000.0,2023-05,2023,5,4,False,False,True,True,False,False,False,True,False,False
35000.0,2023-05,2023,5,3,False,False,True,False,True,False,False,True,False,False
20000.0,2023-05,2023,5,3,False,False,True,True,False,False,False,True,False,False
20000.0,2023-05,2023,5,3,False,False,True,True,False,False,False,True,False,False
0.0,2023-05,2023,5,3,False,False,True,False,False,False,True,False,False,True
5000.0,2023-05,2023,5,2,True,False,False,False,False,False,True,True,False,False
10000.0,2023-05,2023,5,2,False,False,True,True,False,False,False,True,False,False
20000.0,2023-05,2023,5,2,False,False,True,True,False,False,False,True,False,False
10000.0,2023-05,2023,5,2,False,False,True,True,False,False,False,False,True,False
10000.0,2023-05,2023,5,1,False,False,True,True,False,False,False,True,False,False
10000.0,2023-05,2023,5,1,False,False,True,True,False,False,False,True,False,False
35000.0,2023-04,2023,4,29,True,False,False,False,False,False,True,True,False,False
10000.0,2023-04,2023,4,29,False,False,True,True,False,False,False,True,False,False
100000.0,2023-04,2023,4,28,True,False,False,True,False,False,False,False,True,False
10000.0,2023-04,2023,4,28,False,False,True,True,False,False,False,True,False,False
10000.0,2023-04,2023,4,28,False,False,True,True,False,False,False,True,False,False
35000.0,2023-04,2023,4,28,False,False,True,False,True,False,False,True,False,False
10000.0,2023-04,2023,4,28,False,False,True,True,False,False,False,True,False,False
20000.0,2023-04,2023,4,28,False,False,True,True,False,False,False,True,False,False
20000.0,2023-04,2023,4,28,False,False,True,True,False,False,False,True,False,False
98000.0,2023-04,2023,4,27,False,True,False,False,False,False,True,True,False,False
30000.0,2023-04,2023,4,27,False,True,False,False,False,False,True,True,False,False
80000.0,2023-04,2023,4,27,False,True,False,True,False,False,False,True,False,False
49000.0,2023-04,2023,4,27,False,True,False,False,False,False,True,True,False,False
20000.0,2023-04,2023,4,27,False,False,True,False,False,False,True,True,False,False
20000.0,2023-04,2023,4,27,False,False,True,True,False,False,False,True,False,False
35000.0,2023-04,2023,4,26,False,False,True,False,True,False,False,True,False,False
20000.0,2023-04,2023,4,26,False,True,False,False,False,False,True,True,False,False
35000.0,2023-04,2023,4,26,False,False,True,False,False,False,True,False,True,False
10000.0,2023-04,2023,4,26,False,False,True,True,False,False,False,True,False,False
40000.0,2023-04,2023,4,26,False,False,True,False,True,False,False,True,False,False
200000.0,2023-04,2023,4,26,True,False,False,False,True,False,False,False,True,False
200000.0,2023-04,2023,4,26,True,False,False,False,False,False,True,True,False,False
31500.0,2023-04,2023,4,25,False,False,True,False,True,False,False,True,False,False
99000.0,2023-04,2023,4,25,False,True,False,False,False,False,True,True,False,False
10000.0,2023-04,2023,4,25,False,False,True,True,False,False,False,True,False,False
35000.0,2023-04,2023,4,25,False,False,True,False,True,False,False,True,False,False
130639.99999999999,2023-04,2023,4,25,True,False,False,False,False,False,True,False,True,False
31500.0,2023-04,2023,4,24,False,False,True,False,True,False,False,True,False,False
10000.0,2023-04,2023,4,24,False,False,True,True,False,False,False,True,False,False
5000.0,2023-04,2023,4,24,False,False,True,True,False,False,False,True,False,False
10000.0,2023-04,2023,4,24,False,False,True,True,False,False,False,True,False,False
35000.0,2023-04,2023,4,24,False,False,True,False,True,False,False,True,False,False
20000.0,2023-04,2023,4,24,False,True,False,False,False,False,True,True,False,False
30000.0,2023-04,2023,4,24,False,True,False,False,False,False,True,True,False,False
30000.0,2023-04,2023,4,24,False,True,False,True,False,False,False,True,False,False
30000.0,2023-04,2023,4,24,False,False,True,False,False,False,True,True,False,False
20000.0,2023-04,2023,4,24,False,False,True,True,False,False,False,True,False,False
750000.0,2023-04,2023,4,23,True,False,False,False,False,False,True,True,False,False
23600.0,2023-04,2023,4,23,False,False,True,False,False,False,True,True,False,False
35000.0,2023-04,2023,4,22,True,False,False,False,False,False,True,False,True,False
35000.0,2023-04,2023,4,22,True,False,False,False,False,False,True,True,False,False
35000.0,2023-04,2023,4,22,True,False,False,False,False,False,True,True,False,False
20000.0,2023-04,2023,4,22,False,False,True,True,False,False,False,True,False,False
259000.0,2023-04,2023,4,22,True,False,False,False,False,False,True,True,False,False
130000.0,2023-04,2023,4,22,False,False,True,False,False,False,True,True,False,False
7000.0,2023-04,2023,4,22,False,False,True,True,False,False,False,False,True,False
300000.0,2023-04,2023,4,22,False,False,True,False,False,False,True,False,True,False
139000.0,2023-04,2023,4,22,False,False,True,False,True,False,False,False,True,False
35000.0,2023-04,2023,4,22,False,False,True,False,False,False,True,False,True,False
250000.0,2023-04,2023,4,22,False,False,True,True,False,False,False,False,True,False
